期权代码,标的代码,交易日期,认购认沽,历史执行价,到期日期,历史合约乘数,收盘价,结算价,成交量_手,持仓量_手,Delta_主估值表,IV_Wind表原始值,历史调整标志,Delta_Wind估值表,历史交易代码
10009323.SH,510050.SH,20250715,C,2.55,20250723,10000.0,0.309,0.3054,221.0,1379.0,1.0,0.337,False,0.9833,510050C2507M02550
10009324.SH,510050.SH,20250715,C,2.6,20250723,10000.0,0.2559,0.2559,824.0,1664.0,1.0,0.2364,False,0.9941,510050C2507M02600
10009325.SH,510050.SH,20250715,C,2.65,20250723,10000.0,0.2055,0.2055,500.0,2109.0,1.0,0.2169,False,0.9858,510050C2507M02650
10009326.SH,510050.SH,20250715,C,2.7,20250723,10000.0,0.1558,0.1568,3854.0,7660.0,0.998,0.173,False,0.9803,510050C2507M02700
10009327.SH,510050.SH,20250715,C,2.75,20250723,10000.0,0.1072,0.1072,16106.0,26251.0,0.98,0.1606,False,0.9328,510050C2507M02750
10009328.SH,510050.SH,20250715,C,2.8,20250723,10000.0,0.0607,0.0607,95385.0,44543.0,0.861,0.1333,False,0.8264,510050C2507M02800
10009329.SH,510050.SH,20250715,C,2.85,20250723,10000.0,0.0245,0.0245,211639.0,89701.0,0.556,0.1223,False,0.5407,510050C2507M02850
10009330.SH,510050.SH,20250715,C,2.9,20250723,10000.0,0.0086,0.0086,128422.0,95152.0,0.24,0.1379,False,0.2389,510050C2507M02900
10009331.SH,510050.SH,20250715,C,2.95,20250723,10000.0,0.0036,0.0036,48935.0,77516.0,0.104,0.1636,False,0.1039,510050C2507M02950
10009491.SH,510050.SH,20250715,C,3.0,20250723,10000.0,0.0017,0.0017,23424.0,58733.0,0.047,0.1885,False,0.0488,510050C2507M03000
10009493.SH,510050.SH,20250715,C,3.1,20250723,10000.0,0.0012,0.0012,26604.0,66490.0,0.026,0.2681,False,0.0267,510050C2507M03100
10009599.SH,510050.SH,20250715,C,2.6,20250827,10000.0,0.2601,0.2616,342.0,1766.0,1.0,0.1522,False,0.9597,510050C2508M02600
10009509.SH,510050.SH,20250715,C,2.65,20250827,10000.0,0.2122,0.2129,218.0,1350.0,1.0,0.1434,False,0.9317,510050C2508M02650
10009510.SH,510050.SH,20250715,C,2.7,20250827,10000.0,0.1658,0.1658,416.0,1251.0,0.967,0.1363,False,0.8819,510050C2508M02700
10009511.SH,510050.SH,20250715,C,2.75,20250827,10000.0,0.1244,0.1244,2020.0,2825.0,0.846,0.1369,False,0.7896,510050C2508M02750
10009512.SH,510050.SH,20250715,C,2.8,20250827,10000.0,0.0879,0.0879,10228.0,7865.0,0.71,0.1339,False,0.6742,510050C2508M02800
10009513.SH,510050.SH,20250715,C,2.85,20250827,10000.0,0.0581,0.0581,22879.0,18113.0,0.556,0.1328,False,0.5327,510050C2508M02850
10009514.SH,510050.SH,20250715,C,2.9,20250827,10000.0,0.0373,0.0373,26294.0,26054.0,0.404,0.1362,False,0.3908,510050C2508M02900
10009515.SH,510050.SH,20250715,C,2.95,20250827,10000.0,0.024,0.0242,11101.0,18769.0,0.283,0.1423,False,0.2752,510050C2508M02950
10009516.SH,510050.SH,20250715,C,3.0,20250827,10000.0,0.0159,0.0159,18266.0,22978.0,0.194,0.1508,False,0.1918,510050C2508M03000
10009517.SH,510050.SH,20250715,C,3.1,20250827,10000.0,0.0072,0.0072,21612.0,30900.0,0.092,0.1679,False,0.0924,510050C2508M03100
10009163.SH,510050.SH,20250715,C,2.35,20250924,10000.0,0.5075,0.5075,241.0,1386.0,1.0,0.2292,False,0.969,510050C2509M02350
10008793.SH,510050.SH,20250715,C,2.4,20250924,10000.0,0.4575,0.4575,137.0,2263.0,1.0,0.202,False,0.9701,510050C2509M02400
10008794.SH,510050.SH,20250715,C,2.45,20250924,10000.0,0.4074,0.4094,50.0,1127.0,1.0,0.1993,False,0.9539,510050C2509M02450
10008795.SH,510050.SH,20250715,C,2.5,20250924,10000.0,0.3656,0.3609,39.0,941.0,1.0,0.1875,False,0.9437,510050C2509M02500
10008796.SH,510050.SH,20250715,C,2.55,20250924,10000.0,0.316,0.3135,58.0,1261.0,1.0,0.1826,False,0.9171,510050C2509M02550
10008797.SH,510050.SH,20250715,C,2.6,20250924,10000.0,0.2691,0.2672,150.0,2379.0,1.0,0.1674,False,0.8963,510050C2509M02600
10008798.SH,510050.SH,20250715,C,2.65,20250924,10000.0,0.2241,0.2214,131.0,2119.0,0.976,0.1571,False,0.8607,510050C2509M02650
10008799.SH,510050.SH,20250715,C,2.7,20250924,10000.0,0.1752,0.1752,438.0,5269.0,0.922,0.1427,False,0.8116,510050C2509M02700
10008800.SH,510050.SH,20250715,C,2.75,20250924,10000.0,0.14,0.1391,1619.0,4430.0,0.796,0.1477,False,0.7217,510050C2509M02750
10008801.SH,510050.SH,20250715,C,2.8,20250924,10000.0,0.1072,0.108,5113.0,7362.0,0.676,0.1468,False,0.6279,510050C2509M02800
10008885.SH,510050.SH,20250715,C,2.85,20250924,10000.0,0.0796,0.0796,8723.0,7900.0,0.561,0.1469,False,0.5252,510050C2509M02850
10008895.SH,510050.SH,20250715,C,2.9,20250924,10000.0,0.058,0.058,5508.0,17755.0,0.448,0.1486,False,0.4235,510050C2509M02900
10008905.SH,510050.SH,20250715,C,2.95,20250924,10000.0,0.0431,0.0427,36284.0,21862.0,0.35,0.1539,False,0.3355,510050C2509M02950
10009039.SH,510050.SH,20250715,C,3.0,20250924,10000.0,0.032,0.032,51177.0,27451.0,0.272,0.1598,False,0.262,510050C2509M03000
10009495.SH,510050.SH,20250715,C,3.1,20250924,10000.0,0.0196,0.0196,46817.0,10881.0,0.169,0.1769,False,0.1654,510050C2509M03100
10009217.SH,510050.SH,20250715,C,2.5,20251224,10000.0,0.384,0.3815,76.0,1088.0,1.0,0.1682,False,0.8935,510050C2512M02500
10009218.SH,510050.SH,20250715,C,2.55,20251224,10000.0,0.3365,0.3386,4.0,180.0,0.996,0.1679,False,0.8556,510050C2512M02550
10009219.SH,510050.SH,20250715,C,2.6,20251224,10000.0,0.295,0.297,28.0,576.0,0.923,0.158,False,0.8312,510050C2512M02600
10009220.SH,510050.SH,20250715,C,2.65,20251224,10000.0,0.259,0.2576,40.0,951.0,0.861,0.1632,False,0.7767,510050C2512M02650
10009221.SH,510050.SH,20250715,C,2.7,20251224,10000.0,0.223,0.2198,180.0,3486.0,0.798,0.1609,False,0.7279,510050C2512M02700
10009222.SH,510050.SH,20250715,C,2.75,20251224,10000.0,0.1878,0.1863,118.0,2424.0,0.728,0.1585,False,0.6708,510050C2512M02750
10009223.SH,510050.SH,20250715,C,2.8,20251224,10000.0,0.1588,0.158,307.0,2612.0,0.653,0.1581,False,0.6111,510050C2512M02800
10009224.SH,510050.SH,20250715,C,2.85,20251224,10000.0,0.1292,0.1311,766.0,2122.0,0.58,0.1563,False,0.5435,510050C2512M02850
10009225.SH,510050.SH,20250715,C,2.9,20251224,10000.0,0.108,0.108,310.0,2891.0,0.508,0.1597,False,0.4784,510050C2512M02900
10009311.SH,510050.SH,20250715,C,2.95,20251224,10000.0,0.0902,0.0879,188.0,3702.0,0.44,0.161,False,0.4212,510050C2512M02950
10009317.SH,510050.SH,20250715,C,3.0,20251224,10000.0,0.0725,0.0725,1434.0,6456.0,0.378,0.1626,False,0.3595,510050C2512M03000
10009497.SH,510050.SH,20250715,C,3.1,20251224,10000.0,0.0479,0.048,4336.0,9079.0,0.271,0.1666,False,0.2601,510050C2512M03100
