TABLE_SCHEMA,TABLE_NAME,ORDINAL_POSITION,COLUMN_NAME,COLUMN_TYPE,IS_NULLABLE,COLUMN_KEY,COLUMN_COMMENT
financedata,asharecalendar,1,OBJECT_ID,varchar(100),NO,PRI,
financedata,asharecalendar,2,TRADE_DAYS,varchar(8),YES,,
financedata,asharecalendar,3,S_INFO_EXCHMARKET,varchar(40),YES,,
financedata,asharecalendar,4,OPDATE,date,YES,MUL,
financedata,asharecalendar,5,OPMODE,varchar(1),YES,,
financedata,asharedividend,1,OBJECT_ID,varchar(100),NO,PRI,
financedata,asharedividend,2,WIND_CODE,varchar(40),YES,,
financedata,asharedividend,3,S_INFO_WINDCODE,varchar(40),YES,MUL,
financedata,asharedividend,4,S_DIV_PROGRESS,varchar(10),YES,,
financedata,asharedividend,5,STK_DVD_PER_SH,"decimal(20,8)",YES,,
financedata,asharedividend,6,CASH_DVD_PER_SH_PRE_TAX,"decimal(24,8)",YES,,
financedata,asharedividend,7,CASH_DVD_PER_SH_AFTER_TAX,"decimal(24,8)",YES,,
financedata,asharedividend,8,EQY_RECORD_DT,varchar(8),YES,,
financedata,asharedividend,9,EX_DT,varchar(8),YES,,
financedata,asharedividend,10,DVD_PAYOUT_DT,varchar(8),YES,,
financedata,asharedividend,11,LISTING_DT_OF_DVD_SHR,varchar(8),YES,,
financedata,asharedividend,12,S_DIV_PRELANDATE,varchar(8),YES,,
financedata,asharedividend,13,S_DIV_SMTGDATE,varchar(8),YES,,
financedata,asharedividend,14,DVD_ANN_DT,varchar(8),YES,,
financedata,asharedividend,15,S_DIV_BASEDATE,varchar(8),YES,,
financedata,asharedividend,16,S_DIV_BASESHARE,"decimal(20,4)",YES,,
financedata,asharedividend,17,CRNCY_CODE,varchar(10),YES,,
financedata,asharedividend,18,ANN_DT,varchar(8),YES,MUL,
financedata,asharedividend,19,IS_CHANGED,"decimal(5,0)",YES,,
financedata,asharedividend,20,REPORT_PERIOD,varchar(8),YES,MUL,
financedata,asharedividend,21,S_DIV_CHANGE,varchar(1000),YES,,
financedata,asharedividend,22,S_DIV_BONUSRATE,"decimal(20,8)",YES,,
financedata,asharedividend,23,S_DIV_CONVERSEDRATE,"decimal(20,8)",YES,,
financedata,asharedividend,24,MEMO,varchar(200),YES,,
financedata,asharedividend,25,S_DIV_PREANNDT,varchar(8),YES,,
financedata,asharedividend,26,S_DIV_OBJECT,varchar(100),YES,,
financedata,asharedividend,27,IS_TRANSFER,"decimal(1,0)",YES,,
financedata,asharedividend,28,DISTRI_PROFIT_CONSOLIDATE,"decimal(20,4)",YES,,
financedata,asharedividend,29,DISTRI_PROFIT_PARENT_COMP,"decimal(20,4)",YES,,
financedata,asharedividend,30,TOT_CASH_DVD,"decimal(20,4)",YES,,
financedata,asharedividend,31,OTHER_TOT_CASH_DVD,"decimal(20,4)",YES,,
financedata,asharedividend,32,OPDATE,date,YES,MUL,
financedata,asharedividend,33,OPMODE,varchar(1),YES,,
financedata,asharedividend,34,DIVIDEND_BATCH,"decimal(20,0)",YES,,
financedata,asharedividend,35,TOT_SHR,"decimal(20,4)",YES,,
financedata,asharedividend,36,DIV_BONUSRATE_DIF,"decimal(24,8)",YES,,
financedata,asharedividend,37,DISTRIBUTION_MODEL,"decimal(20,0)",YES,,
financedata,asharedividend,38,SEC_ID,varchar(10),YES,,
financedata,asharedividend,39,CASH_DVD_PER_SH_PRE_TAX_DIF,"decimal(24,8)",YES,,
financedata,asharedividend,40,DIV_CONVERSEDRATE_DIF,"decimal(24,8)",YES,,
financedata,asharedividend,41,ANN_ID,"decimal(11,0)",YES,,
financedata,asharedividend,42,CASH_DVD_PER_SH_AFTER_TAX1,"decimal(24,8)",YES,,
financedata,chinaclosedfundeodprice,1,OBJECT_ID,varchar(100),NO,PRI,
financedata,chinaclosedfundeodprice,2,S_INFO_WINDCODE,varchar(40),YES,MUL,
financedata,chinaclosedfundeodprice,3,TRADE_DT,varchar(8),YES,MUL,
financedata,chinaclosedfundeodprice,4,CRNCY_CODE,varchar(10),YES,,
financedata,chinaclosedfundeodprice,5,S_DQ_PRECLOSE,"decimal(20,4)",YES,,
financedata,chinaclosedfundeodprice,6,S_DQ_OPEN,"decimal(20,4)",YES,,
financedata,chinaclosedfundeodprice,7,S_DQ_HIGH,"decimal(20,4)",YES,,
financedata,chinaclosedfundeodprice,8,S_DQ_LOW,"decimal(20,4)",YES,,
financedata,chinaclosedfundeodprice,9,S_DQ_CLOSE,"decimal(20,4)",YES,,
financedata,chinaclosedfundeodprice,10,S_DQ_CHANGE,"decimal(20,4)",YES,,
financedata,chinaclosedfundeodprice,11,S_DQ_PCTCHANGE,"decimal(20,4)",YES,,
financedata,chinaclosedfundeodprice,12,S_DQ_VOLUME,"decimal(20,4)",YES,,
financedata,chinaclosedfundeodprice,13,S_DQ_AMOUNT,"decimal(20,4)",YES,,
financedata,chinaclosedfundeodprice,14,S_DQ_ADJPRECLOSE,"decimal(20,4)",YES,,
financedata,chinaclosedfundeodprice,15,S_DQ_ADJOPEN,"decimal(20,4)",YES,,
financedata,chinaclosedfundeodprice,16,S_DQ_ADJHIGH,"decimal(20,4)",YES,,
financedata,chinaclosedfundeodprice,17,S_DQ_ADJLOW,"decimal(20,4)",YES,,
financedata,chinaclosedfundeodprice,18,S_DQ_ADJCLOSE,"decimal(20,4)",YES,,
financedata,chinaclosedfundeodprice,19,S_DQ_ADJFACTOR,"decimal(20,6)",YES,,
financedata,chinaclosedfundeodprice,20,TRADES_COUNT,"decimal(20,4)",YES,,
financedata,chinaclosedfundeodprice,21,DISCOUNT_RATE,"decimal(20,6)",YES,,
financedata,chinaclosedfundeodprice,22,S_DQ_AVGPRICE,"decimal(20,4)",YES,,
financedata,chinaclosedfundeodprice,23,OPDATE,date,YES,MUL,
financedata,chinaclosedfundeodprice,24,OPMODE,varchar(1),YES,,
financedata,chinaetfinvestclass,1,OBJECT_ID,varchar(38),NO,PRI,
financedata,chinaetfinvestclass,2,S_INFO_SECTOR,varchar(16),YES,,
financedata,chinaetfinvestclass,3,S_INFO_NAME,varchar(100),YES,MUL,
financedata,chinaetfinvestclass,4,S_INFO_WINDCODE,varchar(40),YES,MUL,
financedata,chinaetfinvestclass,5,OPDATE,date,YES,MUL,
financedata,chinaetfinvestclass,6,OPMODE,varchar(1),YES,,
financedata,chinaetfpchredmlist,1,OBJECT_ID,varchar(100),NO,PRI,
financedata,chinaetfpchredmlist,2,S_INFO_WINDCODE,varchar(40),YES,MUL,
financedata,chinaetfpchredmlist,3,TRADE_DT,varchar(8),YES,MUL,
financedata,chinaetfpchredmlist,4,F_INFO_CASHDIF,"decimal(20,4)",YES,,
financedata,chinaetfpchredmlist,5,F_INFO_MINPRASET,"decimal(20,4)",YES,,
financedata,chinaetfpchredmlist,6,F_INFO_ESTICASH,"decimal(20,4)",YES,,
financedata,chinaetfpchredmlist,7,F_INFO_CASHSUBUPLIMIT,"decimal(20,4)",YES,,
financedata,chinaetfpchredmlist,8,F_INFO_MINPRUNITS,"decimal(20,4)",YES,,
financedata,chinaetfpchredmlist,9,F_INFO_PRPERMIT,"decimal(1,0)",YES,,
financedata,chinaetfpchredmlist,10,F_INFO_CONNUM,"decimal(20,4)",YES,,
financedata,chinaetfpchredmlist,11,F_INFO_PURCHASE_CAP,"decimal(20,4)",YES,,
financedata,chinaetfpchredmlist,12,F_INFO_REDEMPTION_CAP,"decimal(20,4)",YES,,
financedata,chinaetfpchredmlist,13,OPDATE,date,YES,MUL,
financedata,chinaetfpchredmlist,14,OPMODE,varchar(1),YES,,
financedata,chinaetfpchredmmembers,1,OBJECT_ID,varchar(100),NO,PRI,
financedata,chinaetfpchredmmembers,2,S_INFO_WINDCODE,varchar(40),YES,MUL,
financedata,chinaetfpchredmmembers,3,TRADE_DT,varchar(8),YES,MUL,
financedata,chinaetfpchredmmembers,4,S_CON_WINDCODE,varchar(40),YES,MUL,
financedata,chinaetfpchredmmembers,5,S_CON_STOCKNUMBER,"decimal(20,4)",YES,,
financedata,chinaetfpchredmmembers,6,F_INFO_CASHSUBSIGN,"decimal(1,0)",YES,,
financedata,chinaetfpchredmmembers,7,F_INFO_CASUBPREMRA,"decimal(20,4)",YES,,
financedata,chinaetfpchredmmembers,8,F_INFO_CASUBAMOUNT,"decimal(20,4)",YES,,
financedata,chinaetfpchredmmembers,9,CASUBPREDISC,"decimal(20,4)",YES,,
financedata,chinaetfpchredmmembers,10,REDMCASUBAMOUNT,"decimal(20,4)",YES,,
financedata,chinaetfpchredmmembers,11,OPDATE,date,YES,MUL,
financedata,chinaetfpchredmmembers,12,OPMODE,varchar(1),YES,,
financedata,chinamutualfundbenchmarkeod,1,OBJECT_ID,varchar(100),NO,PRI,
financedata,chinamutualfundbenchmarkeod,2,S_INFO_WINDCODE,varchar(40),YES,MUL,
financedata,chinamutualfundbenchmarkeod,3,TRADE_DT,varchar(8),YES,MUL,
financedata,chinamutualfundbenchmarkeod,4,S_DQ_CLOSE,"decimal(20,8)",YES,,
financedata,chinamutualfundbenchmarkeod,5,S_DQ_PCTCHANGE,"decimal(20,8)",YES,,
financedata,chinamutualfundbenchmarkeod,6,OPDATE,date,YES,MUL,
financedata,chinamutualfundbenchmarkeod,7,OPMODE,varchar(1),YES,,
financedata,chinamutualfunddescription,1,OBJECT_ID,varchar(100),NO,PRI,
financedata,chinamutualfunddescription,2,F_INFO_WINDCODE,varchar(40),YES,MUL,
financedata,chinamutualfunddescription,3,F_INFO_FRONT_CODE,varchar(40),YES,,
financedata,chinamutualfunddescription,4,F_INFO_BACKEND_CODE,varchar(40),YES,,
financedata,chinamutualfunddescription,5,F_INFO_FULLNAME,varchar(100),YES,,
financedata,chinamutualfunddescription,6,F_INFO_NAME,varchar(100),YES,MUL,
financedata,chinamutualfunddescription,7,F_INFO_CORP_FUNDMANAGEMENTCOMP,varchar(100),YES,,
financedata,chinamutualfunddescription,8,F_INFO_CUSTODIANBANK,varchar(100),YES,,
financedata,chinamutualfunddescription,9,F_INFO_FIRSTINVESTTYPE,varchar(40),YES,,
financedata,chinamutualfunddescription,10,F_INFO_SETUPDATE,varchar(8),YES,,
financedata,chinamutualfunddescription,11,F_INFO_MATURITYDATE,varchar(8),YES,,
financedata,chinamutualfunddescription,12,F_ISSUE_TOTALUNIT,"decimal(26,10)",YES,,
financedata,chinamutualfunddescription,13,F_INFO_MANAGEMENTFEERATIO,"decimal(20,4)",YES,,
financedata,chinamutualfunddescription,14,F_INFO_CUSTODIANFEERATIO,"decimal(20,4)",YES,,
financedata,chinamutualfunddescription,15,CRNY_CODE,varchar(10),YES,,
financedata,chinamutualfunddescription,16,F_INFO_PTMYEAR,"decimal(20,4)",YES,,
financedata,chinamutualfunddescription,17,F_ISSUE_OEF_STARTDATEINST,varchar(8),YES,,
financedata,chinamutualfunddescription,18,F_ISSUE_OEF_DNDDATEINST,varchar(8),YES,,
financedata,chinamutualfunddescription,19,F_INFO_PARVALUE,"decimal(20,4)",YES,,
financedata,chinamutualfunddescription,20,F_INFO_TRUSTTYPE,varchar(40),YES,,
financedata,chinamutualfunddescription,21,F_INFO_TRUSTEE,varchar(100),YES,,
financedata,chinamutualfunddescription,22,F_PCHREDM_PCHSTARTDATE,varchar(8),YES,,
financedata,chinamutualfunddescription,23,F_INFO_REDMSTARTDATE,varchar(8),YES,,
financedata,chinamutualfunddescription,24,F_INFO_MINBUYAMOUNT,"decimal(20,6)",YES,,
financedata,chinamutualfunddescription,25,F_INFO_EXPECTEDRATEOFRETURN,"decimal(20,4)",YES,,
financedata,chinamutualfunddescription,26,F_INFO_ISSUINGPLACE,varchar(100),YES,,
financedata,chinamutualfunddescription,27,F_INFO_BENCHMARK,varchar(500),YES,,
financedata,chinamutualfunddescription,28,F_INFO_STATUS,"decimal(9,0)",YES,,
financedata,chinamutualfunddescription,29,F_INFO_RESTRICTEDORNOT,varchar(20),YES,,
financedata,chinamutualfunddescription,30,F_INFO_STRUCTUREDORNOT,"decimal(1,0)",YES,,
financedata,chinamutualfunddescription,31,F_INFO_EXCHMARKET,varchar(10),YES,,
financedata,chinamutualfunddescription,32,F_INFO_FIRSTINVESTSTYLE,varchar(20),YES,MUL,
financedata,chinamutualfunddescription,33,F_INFO_ISSUEDATE,varchar(8),YES,,
financedata,chinamutualfunddescription,34,F_INFO_TYPE,varchar(20),YES,,
financedata,chinamutualfunddescription,35,F_INFO_ISINITIAL,"decimal(5,0)",YES,,
financedata,chinamutualfunddescription,36,F_INFO_PINYIN,varchar(40),YES,,
financedata,chinamutualfunddescription,37,F_INFO_INVESTSCOPE,varchar(3000),YES,,
financedata,chinamutualfunddescription,38,F_INFO_INVESTOBJECT,varchar(1000),YES,,
financedata,chinamutualfunddescription,39,F_INFO_INVESTCONCEPTION,varchar(2000),YES,,
financedata,chinamutualfunddescription,40,F_INFO_DECISION_BASIS,varchar(2000),YES,,
financedata,chinamutualfunddescription,41,IS_INDEXFUND,"decimal(5,0)",YES,,
financedata,chinamutualfunddescription,42,F_INFO_DELISTDATE,varchar(8),YES,,
financedata,chinamutualfunddescription,43,F_INFO_CORP_FUNDMANAGEMENTID,varchar(10),YES,,
financedata,chinamutualfunddescription,44,F_INFO_CUSTODIANBANKID,varchar(40),YES,,
financedata,chinamutualfunddescription,45,MAX_NUM_HOLDER,"decimal(20,4)",YES,,
financedata,chinamutualfunddescription,46,MAX_NUM_COLTARGET,"decimal(20,4)",YES,,
financedata,chinamutualfunddescription,47,INVESTSTRATEGY,longtext,YES,,
financedata,chinamutualfunddescription,48,RISK_RETURN,longtext,YES,,
financedata,chinamutualfunddescription,49,F_PCHREDM_PCHMINAMT,"decimal(20,4)",YES,,
financedata,chinamutualfunddescription,50,F_PCHREDM_PCHMINAMT_EX,"decimal(20,4)",YES,,
financedata,chinamutualfunddescription,51,F_INFO_LISTDATE,varchar(8),YES,,
financedata,chinamutualfunddescription,52,F_INFO_ANNDATE,varchar(8),YES,,
financedata,chinamutualfunddescription,53,F_CLOSED_OPERATION_PERIOD,"decimal(20,4)",YES,,
financedata,chinamutualfunddescription,54,F_CLOSED_OPERATION_INTERVAL,"decimal(20,4)",YES,,
financedata,chinamutualfunddescription,55,F_INFO_REGISTRANT,varchar(10),YES,,
financedata,chinamutualfunddescription,56,F_PERSONAL_STARTDATEIND,varchar(8),YES,,
financedata,chinamutualfunddescription,57,F_PERSONAL_ENDDATEIND,varchar(8),YES,,
financedata,chinamutualfunddescription,58,F_INFO_FUND_ID,varchar(100),YES,,
financedata,chinamutualfunddescription,59,F_SALES_SERVICE_RATE,"decimal(20,4)",YES,,
financedata,chinamutualfunddescription,60,F_INVESTMENT_AREA,varchar(30),YES,,
financedata,chinamutualfunddescription,61,CLOSE_INSTITU_OEF_DOWN,"decimal(20,6)",YES,,
financedata,chinamutualfunddescription,62,CLOSE_INSTITU_OEF_UP,"decimal(20,4)",YES,,
financedata,chinamutualfunddescription,63,S_FELLOW_DISTOR,"decimal(20,4)",YES,,
financedata,chinamutualfunddescription,64,F_PERSONAL_SUBTYPE,varchar(100),YES,,
financedata,chinamutualfunddescription,65,CLOSE_INSTITU_SUBTYPE,varchar(100),YES,,
financedata,chinamutualfunddescription,66,F_INVESTMENT_AREA_DESC,varchar(1000),YES,,
financedata,chinamutualfunddescription,67,CUSTODY_ENDDATE,varchar(8),YES,,
financedata,chinamutualfunddescription,68,FORINS_CUSTODIAN,varchar(200),YES,,
financedata,chinamutualfunddescription,69,LISTEDFUNDORNOT,"decimal(1,0)",YES,,
financedata,chinamutualfunddescription,70,SEC_ID,varchar(10),YES,,
financedata,chinamutualfunddescription,71,OPDATE,date,YES,MUL,
financedata,chinamutualfunddescription,72,OPMODE,varchar(1),YES,,
financedata,chinaoptioncalendar,1,OBJECT_ID,varchar(100),NO,PRI,
financedata,chinaoptioncalendar,2,TRADE_DAYS,varchar(40),YES,,
financedata,chinaoptioncalendar,3,S_INFO_EXCHMARKET,varchar(40),YES,,
financedata,chinaoptioncalendar,4,OPDATE,date,YES,MUL,
financedata,chinaoptioncalendar,5,OPMODE,varchar(1),YES,,
financedata,chinaoptioncontpro,1,OBJECT_ID,varchar(100),NO,PRI,
financedata,chinaoptioncontpro,2,S_INFO_WINDCODE,varchar(40),YES,MUL,
financedata,chinaoptioncontpro,3,S_INFO_CODE,varchar(20),YES,,
financedata,chinaoptioncontpro,4,S_INFO_NAME,varchar(40),YES,MUL,
financedata,chinaoptioncontpro,5,S_INFO_ENAME,varchar(100),YES,,
financedata,chinaoptioncontpro,6,S_INFO_EXNAME,varchar(20),YES,,
financedata,chinaoptioncontpro,7,S_INFO_TYPE,varchar(20),YES,,
financedata,chinaoptioncontpro,8,S_INFO_EUROAMERICANBERMUDA,varchar(10),YES,,
financedata,chinaoptioncontpro,9,S_INFO_SETTLEMENTMETHOD,varchar(10),YES,,
financedata,chinaoptioncontpro,10,S_INFO_LISTEDDATE,varchar(8),YES,,
financedata,chinaoptioncontpro,11,S_INFO_DELISTDATE,varchar(8),YES,,
financedata,chinaoptioncontpro,12,S_INFO_STRIKERATIO,"decimal(20,4)",YES,,
financedata,chinaoptioncontpro,13,S_INFO_CEVALUE,"decimal(20,4)",YES,,
financedata,chinaoptioncontpro,14,S_INFO_COVALUE,varchar(80),YES,,
financedata,chinaoptioncontpro,15,S_INFO_LSMONTH,varchar(200),YES,,
financedata,chinaoptioncontpro,16,S_INFO_MINPRICEFLUCT,varchar(40),YES,,
financedata,chinaoptioncontpro,17,S_INFO_THOURS,varchar(200),YES,,
financedata,chinaoptioncontpro,18,S_INFO_LASTTRADINGDATE,varchar(200),YES,,
financedata,chinaoptioncontpro,19,S_INFO_LSDATE,varchar(200),YES,,
financedata,chinaoptioncontpro,20,S_INFO_LASTSETTLE,varchar(200),YES,,
financedata,chinaoptioncontpro,21,S_INFO_TRADEFEE,varchar(200),YES,,
financedata,chinaoptioncontpro,22,S_INFO_POSLIMIT,varchar(800),YES,,
financedata,chinaoptioncontpro,23,S_INFO_MINPOSLIMIT,varchar(800),YES,,
financedata,chinaoptioncontpro,24,S_INFO_OPTIONPRICE,varchar(20),YES,,
financedata,chinaoptioncontpro,25,S_INFO_EXERCISINGEND,varchar(80),YES,,
financedata,chinaoptioncontpro,26,S_INFO_STRIKEPRICE,varchar(800),YES,,
financedata,chinaoptioncontpro,27,S_INFO_SIMULATION,varchar(1),YES,,
financedata,chinaoptioncontpro,28,S_INFO_QUOTEUNIT,varchar(40),YES,,
financedata,chinaoptioncontpro,29,S_INFO_COUNIT,"decimal(20,4)",YES,,
financedata,chinaoptioncontpro,30,S_INFO_COUNITDIMENSION,varchar(40),YES,,
financedata,chinaoptioncontpro,31,S_INFO_ID,varchar(40),YES,,
financedata,chinaoptioncontpro,32,OPDATE,date,YES,MUL,
financedata,chinaoptioncontpro,33,OPMODE,varchar(1),YES,,
financedata,chinaoptioncontpro,34,CHANGE_LIMIT,varchar(800),YES,,
financedata,chinaoptioncontpro,35,EXER_METHODCODE,"decimal(9,0)",YES,,
financedata,chinaoptioncontpro,36,S_INFO_UDLSECID,varchar(40),YES,,
financedata,chinaoptioncontpro,37,CONTRACT_TYPE,varchar(200),YES,,
financedata,chinaoptioncontpro,38,S_INFO_TYPECODE,"decimal(9,0)",YES,,
financedata,chinaoptioncontpro,39,SETTLEMENTMETHODCODE,"decimal(9,0)",YES,,
financedata,chinaoptioncontpro,40,TRADECODE_RULE,varchar(800),YES,,
financedata,chinaoptiondescription,1,OBJECT_ID,varchar(100),NO,PRI,
financedata,chinaoptiondescription,2,S_INFO_WINDCODE,varchar(40),YES,MUL,
financedata,chinaoptiondescription,3,S_INFO_CODE,varchar(40),YES,,
financedata,chinaoptiondescription,4,S_INFO_NAME,varchar(100),YES,MUL,
financedata,chinaoptiondescription,5,S_INFO_SCCODE,varchar(50),YES,,
financedata,chinaoptiondescription,6,S_INFO_CALLPUT,"decimal(9,0)",YES,,
financedata,chinaoptiondescription,7,S_INFO_STRIKEPRICE,"decimal(20,4)",YES,,
financedata,chinaoptiondescription,8,S_INFO_MONTH,varchar(6),YES,,
financedata,chinaoptiondescription,9,S_INFO_MATURITYDATE,varchar(8),YES,,
financedata,chinaoptiondescription,10,S_INFO_FTDATE,varchar(8),YES,,
financedata,chinaoptiondescription,11,S_INFO_LASTTRADINGDATE,varchar(8),YES,,
financedata,chinaoptiondescription,12,S_INFO_EXERCISINGEND,varchar(8),YES,,
financedata,chinaoptiondescription,13,S_INFO_LDDATE,varchar(8),YES,,
financedata,chinaoptiondescription,14,S_INFO_LPRICE,"decimal(20,4)",YES,,
financedata,chinaoptiondescription,15,S_INFO_TRADE,varchar(1),YES,,
financedata,chinaoptiondescription,16,S_INFO_EXCODE,varchar(20),YES,,
financedata,chinaoptiondescription,17,S_INFO_EXNAME,varchar(100),YES,,
financedata,chinaoptiondescription,18,S_INFO_COUNIT,"decimal(20,4)",YES,,
financedata,chinaoptiondescription,19,OPDATE,date,YES,MUL,
financedata,chinaoptiondescription,20,OPMODE,varchar(1),YES,,
financedata,chinaoptioneodprices,1,OBJECT_ID,varchar(100),NO,PRI,
financedata,chinaoptioneodprices,2,S_INFO_WINDCODE,varchar(40),YES,MUL,
financedata,chinaoptioneodprices,3,TRADE_DT,varchar(8),YES,MUL,
financedata,chinaoptioneodprices,4,S_DQ_OPEN,"decimal(20,4)",YES,,
financedata,chinaoptioneodprices,5,S_DQ_HIGH,"decimal(20,4)",YES,,
financedata,chinaoptioneodprices,6,S_DQ_LOW,"decimal(20,4)",YES,,
financedata,chinaoptioneodprices,7,S_DQ_CLOSE,"decimal(20,4)",YES,,
financedata,chinaoptioneodprices,8,S_DQ_SETTLE,"decimal(20,4)",YES,,
financedata,chinaoptioneodprices,9,S_DQ_VOLUME,"decimal(20,4)",YES,,
financedata,chinaoptioneodprices,10,S_DQ_AMOUNT,"decimal(20,4)",YES,,
financedata,chinaoptioneodprices,11,S_DQ_OI,"decimal(20,4)",YES,,
financedata,chinaoptioneodprices,12,S_DQ_OICHANGE,"decimal(20,4)",YES,,
financedata,chinaoptioneodprices,13,S_DQ_PRESETTLE,"decimal(20,4)",YES,,
financedata,chinaoptioneodprices,14,S_DQ_CHANGE1,"decimal(20,4)",YES,,
financedata,chinaoptioneodprices,15,S_DQ_CHANGE2,"decimal(20,4)",YES,,
financedata,chinaoptioneodprices,16,S_DQ_PCTCHANGE1,"decimal(20,4)",YES,,
financedata,chinaoptioneodprices,17,S_DQ_PCTCHANGE2,"decimal(20,4)",YES,,
financedata,chinaoptioneodprices,18,OPDATE,date,YES,MUL,
financedata,chinaoptioneodprices,19,OPMODE,varchar(1),YES,,
financedata,chinaoptionindexeodprices,1,OBJECT_ID,varchar(100),NO,PRI,
financedata,chinaoptionindexeodprices,2,S_INFO_WINDCODE,varchar(40),YES,MUL,
financedata,chinaoptionindexeodprices,3,S_INFO_NAME,varchar(50),YES,MUL,
financedata,chinaoptionindexeodprices,4,TRADE_DT,varchar(8),YES,MUL,
financedata,chinaoptionindexeodprices,5,CRNCY_CODE,varchar(10),YES,,
financedata,chinaoptionindexeodprices,6,S_DQ_PRECLOSE,"decimal(20,4)",YES,,
financedata,chinaoptionindexeodprices,7,S_DQ_OPEN,"decimal(20,4)",YES,,
financedata,chinaoptionindexeodprices,8,S_DQ_HIGH,"decimal(20,4)",YES,,
financedata,chinaoptionindexeodprices,9,S_DQ_LOW,"decimal(20,4)",YES,,
financedata,chinaoptionindexeodprices,10,S_DQ_CLOSE,"decimal(20,4)",YES,,
financedata,chinaoptionindexeodprices,11,S_DQ_CHANGE,"decimal(20,4)",YES,,
financedata,chinaoptionindexeodprices,12,S_DQ_PCTCHANGE,"decimal(20,4)",YES,,
financedata,chinaoptionindexeodprices,13,S_DQ_VOLUME,"decimal(20,4)",YES,,
financedata,chinaoptionindexeodprices,14,S_DQ_AMOUNT,"decimal(20,4)",YES,,
financedata,chinaoptionindexeodprices,15,SEC_ID,varchar(10),YES,,
financedata,chinaoptionindexeodprices,16,OPDATE,date,YES,MUL,
financedata,chinaoptionindexeodprices,17,OPMODE,varchar(1),YES,,
financedata,chinaoptionvaluation,1,OBJECT_ID,varchar(100),NO,PRI,
financedata,chinaoptionvaluation,2,S_INFO_WINDCODE,varchar(40),YES,MUL,
financedata,chinaoptionvaluation,3,TRADE_DT,varchar(8),YES,MUL,
financedata,chinaoptionvaluation,4,W_ANAL_UNDERLYINGIMPLIEDVOL,"decimal(24,8)",YES,,
financedata,chinaoptionvaluation,5,W_ANAL_DELTA,"decimal(24,8)",YES,,
financedata,chinaoptionvaluation,6,W_ANAL_THETA,"decimal(24,8)",YES,,
financedata,chinaoptionvaluation,7,W_ANAL_GAMMA,"decimal(24,8)",YES,,
financedata,chinaoptionvaluation,8,W_ANAL_VEGA,"decimal(24,8)",YES,,
financedata,chinaoptionvaluation,9,W_ANAL_RHO,"decimal(24,8)",YES,,
financedata,chinaoptionvaluation,10,SURGED_LIMIT,"decimal(24,8)",YES,,
financedata,chinaoptionvaluation,11,DECLINE_LIMIT,"decimal(24,8)",YES,,
financedata,chinaoptionvaluation,12,OPDATE,date,YES,MUL,
financedata,chinaoptionvaluation,13,OPMODE,varchar(1),YES,,
financedata,coptioncontprochange,1,OBJECT_ID,varchar(100),NO,PRI,
financedata,coptioncontprochange,2,CONTRACT_ID,varchar(40),YES,,
financedata,coptioncontprochange,3,ITEM,varchar(50),YES,,
financedata,coptioncontprochange,4,CHANGE_DT,varchar(8),YES,,
financedata,coptioncontprochange,5,S_INFO_OLD,varchar(1000),YES,,
financedata,coptioncontprochange,6,S_INFO_NEW,varchar(1000),YES,,
financedata,coptioncontprochange,7,OPDATE,date,YES,MUL,
financedata,coptioncontprochange,8,OPMODE,varchar(1),YES,,
financedata,coptiondescriptionchange,1,OBJECT_ID,varchar(38),NO,PRI,
financedata,coptiondescriptionchange,2,S_INFO_WINDCODE,varchar(40),YES,MUL,
financedata,coptiondescriptionchange,3,S_CHANGE_DATE,varchar(8),YES,,
financedata,coptiondescriptionchange,4,S_INFO_CODE_OLD,varchar(20),YES,,
financedata,coptiondescriptionchange,5,S_INFO_NAME_OLD,varchar(40),YES,,
financedata,coptiondescriptionchange,6,S_EXERCISE_PRICE_OLD,"decimal(20,4)",YES,,
financedata,coptiondescriptionchange,7,S_UNIT_OLD,"decimal(20,4)",YES,,
financedata,coptiondescriptionchange,8,S_INFO_CODE_NEW,varchar(20),YES,,
financedata,coptiondescriptionchange,9,S_INFO_NAME_NEW,varchar(40),YES,,
financedata,coptiondescriptionchange,10,S_EXERCISE_PRICE_NEW,"decimal(20,4)",YES,,
financedata,coptiondescriptionchange,11,S_UNIT_NEW,"decimal(20,4)",YES,,
financedata,coptiondescriptionchange,12,S_CHANGE_REASON,varchar(300),YES,,
financedata,coptiondescriptionchange,13,OPDATE,date,YES,MUL,
financedata,coptiondescriptionchange,14,OPMODE,varchar(1),YES,,
financedata,coptionimpliedvolatility,1,OBJECT_ID,varchar(38),NO,PRI,
financedata,coptionimpliedvolatility,2,CONTRACT_ID,varchar(10),YES,,
financedata,coptionimpliedvolatility,3,S_INFO_SCCODE,varchar(20),YES,,
financedata,coptionimpliedvolatility,4,VOLATILITY_TYPE,"decimal(9,0)",YES,,
financedata,coptionimpliedvolatility,5,TERM,varchar(20),YES,,
financedata,coptionimpliedvolatility,6,W_ANAL_UNDERLYINGIMPLIEDVOL,"decimal(20,4)",YES,,
financedata,coptionimpliedvolatility,7,APPLY_MODEL,varchar(100),YES,,
financedata,coptionimpliedvolatility,8,SOURCE1,varchar(100),YES,,
financedata,coptionimpliedvolatility,9,TRADE_DT,varchar(8),YES,MUL,
financedata,coptionimpliedvolatility,10,OPDATE,date,YES,MUL,
financedata,coptionimpliedvolatility,11,OPMODE,varchar(1),YES,,
financedata,coptionsmarginratio,1,OBJECT_ID,varchar(100),NO,PRI,
financedata,coptionsmarginratio,2,S_INFO_WINDCODE,varchar(40),YES,MUL,
financedata,coptionsmarginratio,3,TRADE_DT,varchar(8),YES,MUL,
financedata,coptionsmarginratio,4,INITIAL_MARGIN,"decimal(20,4)",YES,,
financedata,coptionsmarginratio,5,MAINTENANCE_MARGIN,"decimal(20,4)",YES,,
financedata,coptionsmarginratio,6,CLNHUS_MARGIN,"decimal(20,4)",YES,,
financedata,coptionsmarginratio,7,OPDATE,date,YES,MUL,
financedata,coptionsmarginratio,8,OPMODE,varchar(1),YES,,
financedata,globalfundindexeodwind,1,OBJECT_ID,varchar(100),NO,PRI,
financedata,globalfundindexeodwind,2,S_INFO_WINDCODE,varchar(40),YES,MUL,
financedata,globalfundindexeodwind,3,S_INFO_ID,varchar(10),YES,,
financedata,globalfundindexeodwind,4,TRADE_DT,varchar(8),YES,MUL,
financedata,globalfundindexeodwind,5,S_DQ_PRECLOSE,"decimal(20,4)",YES,,
financedata,globalfundindexeodwind,6,S_DQ_OPEN,"decimal(20,4)",YES,,
financedata,globalfundindexeodwind,7,S_DQ_HIGH,"decimal(20,4)",YES,,
financedata,globalfundindexeodwind,8,S_DQ_LOW,"decimal(20,4)",YES,,
financedata,globalfundindexeodwind,9,S_DQ_CLOSE,"decimal(20,4)",YES,,
financedata,globalfundindexeodwind,10,S_DQ_VOLUME,"decimal(20,4)",YES,,
financedata,globalfundindexeodwind,11,S_DQ_AMOUNT,"decimal(20,4)",YES,,
financedata,globalfundindexeodwind,12,OPDATE,date,YES,MUL,
financedata,globalfundindexeodwind,13,OPMODE,varchar(1),YES,,
financedata,shszrelatedsecurities,1,OBJECT_ID,varchar(38),NO,PRI,
financedata,shszrelatedsecurities,2,EXCHANGE_A,varchar(40),YES,,
financedata,shszrelatedsecurities,3,SECURITIES_TYPE_A,varchar(10),YES,,
financedata,shszrelatedsecurities,4,S_INFO_WINDCODE,varchar(10),YES,MUL,
financedata,shszrelatedsecurities,5,EXCHANGE_B,varchar(40),YES,,
financedata,shszrelatedsecurities,6,SECURITIES_TYPE_B,varchar(10),YES,,
financedata,shszrelatedsecurities,7,S_INFO_WINDCOD2,varchar(10),YES,,
financedata,shszrelatedsecurities,8,S_INFO_NAME,varchar(40),YES,MUL,
financedata,shszrelatedsecurities,9,IS_EFFECTIVE,"decimal(1,0)",YES,,
financedata,shszrelatedsecurities,10,OPDATE,date,YES,MUL,
financedata,shszrelatedsecurities,11,OPMODE,varchar(1),YES,,
financedata,windbenchmarkinterestrate,1,OBJECT_ID,varchar(38),NO,PRI,
financedata,windbenchmarkinterestrate,2,B_INFO_BENCHMARKCODE,varchar(20),YES,,
financedata,windbenchmarkinterestrate,3,TRADE_DT,varchar(8),YES,MUL,
financedata,windbenchmarkinterestrate,4,B_INFO_RATE,"decimal(20,4)",YES,,
financedata,windbenchmarkinterestrate,5,OPDATE,date,YES,MUL,
financedata,windbenchmarkinterestrate,6,OPMODE,varchar(1),YES,,
financedata,windchinaoptionvaluation,1,OBJECT_ID,varchar(100),NO,PRI,
financedata,windchinaoptionvaluation,2,S_INFO_WINDCODE,varchar(40),YES,MUL,
financedata,windchinaoptionvaluation,3,TRADE_DT,varchar(8),YES,MUL,
financedata,windchinaoptionvaluation,4,W_ANAL_UNDERLYINGIMPLIEDVOL,"decimal(24,8)",YES,,
financedata,windchinaoptionvaluation,5,THEORE_PRICE,"decimal(24,8)",YES,,
financedata,windchinaoptionvaluation,6,W_ANAL_DELTA,"decimal(24,8)",YES,,
financedata,windchinaoptionvaluation,7,W_ANAL_THETA,"decimal(24,8)",YES,,
financedata,windchinaoptionvaluation,8,W_ANAL_GAMMA,"decimal(24,8)",YES,,
financedata,windchinaoptionvaluation,9,W_ANAL_VEGA,"decimal(24,8)",YES,,
financedata,windchinaoptionvaluation,10,W_ANAL_RHO,"decimal(24,8)",YES,,
financedata,windchinaoptionvaluation,11,OPDATE,date,YES,MUL,
financedata,windchinaoptionvaluation,12,OPMODE,varchar(1),YES,,
financedata,windcustomcode,1,OBJECT_ID,varchar(100),NO,PRI,
financedata,windcustomcode,2,S_INFO_WINDCODE,varchar(40),YES,MUL,
financedata,windcustomcode,3,S_INFO_ASHARECODE,varchar(10),YES,,
financedata,windcustomcode,4,S_INFO_COMPCODE,varchar(10),YES,,
financedata,windcustomcode,5,S_INFO_SECURITIESTYPES,varchar(10),YES,,
financedata,windcustomcode,6,S_INFO_SECTYPENAME,varchar(100),YES,,
financedata,windcustomcode,7,S_INFO_COUNTRYNAME,varchar(100),YES,,
financedata,windcustomcode,8,S_INFO_COUNTRYCODE,varchar(10),YES,,
financedata,windcustomcode,9,S_INFO_EXCHMARKETNAME,varchar(40),YES,,
financedata,windcustomcode,10,S_INFO_EXCHMARKET,varchar(20),YES,,
financedata,windcustomcode,11,CRNCY_NAME,varchar(40),YES,,
financedata,windcustomcode,12,CRNCY_CODE,varchar(10),YES,,
financedata,windcustomcode,13,S_INFO_ISINCODE,varchar(40),YES,,
financedata,windcustomcode,14,S_INFO_CODE,varchar(40),YES,,
financedata,windcustomcode,15,S_INFO_NAME,varchar(100),YES,MUL,
financedata,windcustomcode,16,EXCHMARKET,varchar(20),YES,,
financedata,windcustomcode,17,SECURITY_STATUS,"decimal(9,0)",YES,,
financedata,windcustomcode,18,S_INFO_ORG_CODE,varchar(20),YES,,
financedata,windcustomcode,19,S_INFO_TYPECODE,"decimal(9,0)",YES,,
financedata,windcustomcode,20,S_INFO_MIN_PRICE_CHG_UNIT,"decimal(24,8)",YES,,
financedata,windcustomcode,21,S_INFO_LOT_SIZE,"decimal(20,4)",YES,,
financedata,windcustomcode,22,S_INFO_ENAME,varchar(200),YES,,
financedata,windcustomcode,23,TRADING_HOURS_CODE,varchar(10),YES,,
financedata,windcustomcode,24,S_INFO_SECTYPEBCODE,"decimal(9,0)",YES,,
financedata,windcustomcode,25,S_INFO_SECTYPESCODE,"decimal(9,0)",YES,,
financedata,windcustomcode,26,S_INFO_PINYIN,varchar(40),YES,,
financedata,windcustomcode,27,OPDATE,date,YES,MUL,
financedata,windcustomcode,28,OPMODE,varchar(1),YES,,
