OBJECT_ID,CONTRACT_ID,S_INFO_SCCODE,VOLATILITY_TYPE,TERM,W_ANAL_UNDERLYINGIMPLIEDVOL,APPLY_MODEL,SOURCE1,TRADE_DT,OPDATE,OPMODE
{005EB109-614C-42D2-AFAF-B84D1D12221E},QvhjcYKzxY,510050OP.SH,715008000,3M,16.1600,Heston,Wind,20250715,2025-07-15,0
{047DF381-3339-4AAA-8AD3-D78627D3EB2A},QvhjcYKzxY,510050OP.SH,715310000,9M,17.5300,Heston,Wind,20250715,2025-07-15,0
{04C5C85B-0211-4307-910F-4D5442B87739},QvhjcYKzxY,510050OP.SH,715002000,1M,22.5700,Spline,Wind,20250715,2025-07-15,0
{06BFCCC4-5252-427C-8016-6C322B0DFB47},QvhjcYKzxY,510050OP.SH,715008000,3M,16.0900,Spline,Wind,20250715,2025-07-15,0
{06CE9C8A-8BE1-4C5C-B5A3-491614701B31},QvhjcYKzxY,510050OP.SH,715306000,6M,16.3200,Linear,Wind,20250715,2025-07-15,0
{07498B50-902C-4A7C-A9D9-68A5717BC71E},QvhjcYKzxY,510050OP.SH,715309000,2M,14.5100,Spline,Wind,20250715,2025-07-15,0
{08486040-E3B0-4568-B82E-8768DA73D99F},QvhjcYKzxY,510050OP.SH,715006000,3M,14.7500,Linear,Wind,20250715,2025-07-15,0
{0A57A407-A367-4E90-AE9B-4CF1A1945E6F},QvhjcYKzxY,510050OP.SH,715305000,6M,16.9000,Linear,Wind,20250715,2025-07-15,0
{0AE0688D-E15F-4043-A16B-208DB7B07E8B},QvhjcYKzxY,510050OP.SH,715002000,2M,19.3800,Linear,Wind,20250715,2025-07-15,0
{0B05C13A-13C9-4DAA-B665-51423C58AC85},QvhjcYKzxY,510050OP.SH,715302000,1Y,16.7400,Spline,Wind,20250715,2025-07-15,0
{0C191676-DBE2-41AD-9A0B-C1067FC6D8E7},QvhjcYKzxY,510050OP.SH,715003000,1Y,16.3500,Heston,Wind,20250715,2025-07-15,0
{0C238A38-A53A-4174-8A5C-3597C76F564D},QvhjcYKzxY,510050OP.SH,715308000,1Y,15.9300,Linear,Wind,20250715,2025-07-15,0
{0E5F23BC-2EC6-4358-9429-97CB73DBF749},QvhjcYKzxY,510050OP.SH,715001000,1Y,16.9000,Linear,Wind,20250715,2025-07-15,0
{0ECC2027-F797-4B31-A957-0E550D38176B},QvhjcYKzxY,510050OP.SH,715004000,1M,15.1400,Heston,Wind,20250715,2025-07-15,0
{0F5B0E2C-838B-46D1-AD7C-5520E6AC64BC},QvhjcYKzxY,510050OP.SH,715306000,3M,16.2000,Heston,Wind,20250715,2025-07-15,0
{0FA9573F-F3DD-497D-9550-7CD2D48DA31B},QvhjcYKzxY,510050OP.SH,715004000,6M,15.8900,Heston,Wind,20250715,2025-07-15,0
{105986EA-5992-4914-AFE3-CAA4D39A5A0C},QvhjcYKzxY,510050OP.SH,715307000,1M,12.8600,Linear,Wind,20250715,2025-07-15,0
{10C47FD3-52AA-4053-B4FD-57B9CD959CEF},QvhjcYKzxY,510050OP.SH,715303000,1M,12.9700,Heston,Wind,20250715,2025-07-15,0
{10EEDF4F-2A66-4D4A-BB84-C98DBDDB2C60},QvhjcYKzxY,510050OP.SH,715304000,6M,16.7400,Spline,Wind,20250715,2025-07-15,0
{12EA5386-97C9-4A87-890B-9ADC18AE2AF6},QvhjcYKzxY,510050OP.SH,715009000,3M,18.1200,Heston,Wind,20250715,2025-07-15,0
{1356CADA-8E8C-4C11-95F1-89ED99E80E48},QvhjcYKzxY,510050OP.SH,715307000,1M,12.6400,Heston,Wind,20250715,2025-07-15,0
{1395D143-285A-46DE-815A-10797DA4E8D3},QvhjcYKzxY,510050OP.SH,715308000,1M,12.7000,Heston,Wind,20250715,2025-07-15,0
{1A20EC8A-1E70-461C-BE6C-C9D8DD55F820},QvhjcYKzxY,510050OP.SH,715009000,1Y,16.7400,Spline,Wind,20250715,2025-07-15,0
{1ADD31D4-BF6F-4C0D-BA80-19FD77E5AF41},QvhjcYKzxY,510050OP.SH,715304000,1Y,16.7400,Spline,Wind,20250715,2025-07-15,0
{1B1A82B3-5427-424D-85DD-0D59188E3FA5},QvhjcYKzxY,510050OP.SH,715003000,2M,16.7200,Heston,Wind,20250715,2025-07-15,0
{1B644C20-DCA2-4741-8BCA-F4A4B79D8175},QvhjcYKzxY,510050OP.SH,715304000,3M,19.1800,Heston,Wind,20250715,2025-07-15,0
{1B83B073-5203-4E93-A076-C3E2E5A35C20},QvhjcYKzxY,510050OP.SH,715006000,2M,13.8500,Linear,Wind,20250715,2025-07-15,0
{1C5847CA-D219-4265-AC14-768C851EBFC9},QvhjcYKzxY,510050OP.SH,715305000,2M,15.5700,Spline,Wind,20250715,2025-07-15,0
{1C6A9446-72F3-4BCF-98FE-B8144B7B2370},QvhjcYKzxY,510050OP.SH,715306000,3M,15.8300,Spline,Wind,20250715,2025-07-15,0
{1CAD97D3-7B09-4190-AD6D-172F12DC97B9},QvhjcYKzxY,510050OP.SH,715003000,3M,17.2300,Linear,Wind,20250715,2025-07-15,0
{1CC833FB-CB1B-4B2D-A807-8117BA439904},QvhjcYKzxY,510050OP.SH,715305000,2M,15.5400,Linear,Wind,20250715,2025-07-15,0
{1E363F40-3892-4131-87CF-334C81839ECF},QvhjcYKzxY,510050OP.SH,715007000,1M,14.5700,Heston,Wind,20250715,2025-07-15,0
{1E643F09-EF13-46E9-B681-80FFD7727E58},QvhjcYKzxY,510050OP.SH,715007000,1Y,15.9600,Linear,Wind,20250715,2025-07-15,0
{1E7789DE-854D-4060-9DC8-EF0BF53F16CD},QvhjcYKzxY,510050OP.SH,715011000,1M,38.0000,Heston,Wind,20250715,2025-07-15,0
{1EA44F2D-65E5-4F53-8E4A-CE1B4CA2581F},QvhjcYKzxY,510050OP.SH,715302000,6M,16.7500,Heston,Wind,20250715,2025-07-15,0
{205138F6-2E22-4465-B304-EA091B4895B2},QvhjcYKzxY,510050OP.SH,715303000,3M,15.2000,Heston,Wind,20250715,2025-07-15,0
{2051EA56-FAC7-4DAB-85BD-AA7050A145FF},QvhjcYKzxY,510050OP.SH,715302000,2M,15.4100,Heston,Wind,20250715,2025-07-15,0
{209313C5-DAEF-4FBF-A69B-85E9E9C782C1},QvhjcYKzxY,510050OP.SH,715002000,1M,33.4800,Heston,Wind,20250715,2025-07-15,0
{23F21127-3730-4318-9AEC-650B4BA0FBF3},QvhjcYKzxY,510050OP.SH,715309000,9M,16.2800,Heston,Wind,20250715,2025-07-15,0
{247D17A7-1B58-4ED8-988F-0D12999A113B},QvhjcYKzxY,510050OP.SH,715002000,6M,18.0800,Heston,Wind,20250715,2025-07-15,0
{24C6D268-AEA4-47D6-9C94-95D44E3FF087},QvhjcYKzxY,510050OP.SH,715011000,1Y,16.7400,Linear,Wind,20250715,2025-07-15,0
{250D251D-94F2-4455-A404-301DAFA7DFEE},QvhjcYKzxY,510050OP.SH,715308000,3M,14.7300,Heston,Wind,20250715,2025-07-15,0
{254B74F9-5D82-4863-B07E-67E4053DFB3C},QvhjcYKzxY,510050OP.SH,715309000,3M,15.4000,Spline,Wind,20250715,2025-07-15,0
{269E3B2D-1FF4-47F1-8295-97534D697BE5},QvhjcYKzxY,510050OP.SH,715302000,9M,16.7400,Spline,Wind,20250715,2025-07-15,0
{27CF4015-270D-4C57-A0CA-9DBCD7C4C210},QvhjcYKzxY,510050OP.SH,715303000,6M,15.9900,Linear,Wind,20250715,2025-07-15,0
{28E4C509-C639-4424-AF5D-7D22542B81BF},QvhjcYKzxY,510050OP.SH,715310000,1M,15.4200,Spline,Wind,20250715,2025-07-15,0
{29578447-99A0-4B0E-AD33-35833541855A},QvhjcYKzxY,510050OP.SH,715010000,1Y,16.7400,Linear,Wind,20250715,2025-07-15,0
{29E9A332-5C29-418C-BA44-DF3F79A2299A},QvhjcYKzxY,510050OP.SH,715305000,1M,14.3500,Heston,Wind,20250715,2025-07-15,0
{29F0A165-6115-4D57-94E2-103D5098C9D0},QvhjcYKzxY,510050OP.SH,715003000,6M,16.2800,Linear,Wind,20250715,2025-07-15,0
{2A726ED3-AD11-4460-82AF-77858CE532B0},QvhjcYKzxY,510050OP.SH,715008000,2M,15.6300,Heston,Wind,20250715,2025-07-15,0
{2B11A220-0D17-4C9C-8CDF-53849B6F5722},QvhjcYKzxY,510050OP.SH,715001000,2M,19.3800,Linear,Wind,20250715,2025-07-15,0
{2B964CBA-625F-4193-9F02-F294ED85AAF3},QvhjcYKzxY,510050OP.SH,715002000,1Y,18.0800,Heston,Wind,20250715,2025-07-15,0
{2BBA899A-A608-4B28-A27A-58B44B5DF7B9},QvhjcYKzxY,510050OP.SH,715305000,9M,16.7700,Heston,Wind,20250715,2025-07-15,0
{2C0CD434-D569-4926-B5C1-03F8471F2BDA},QvhjcYKzxY,510050OP.SH,715304000,9M,16.7400,Spline,Wind,20250715,2025-07-15,0
{2C53A694-F705-49B2-A7A3-DF3C9952D789},QvhjcYKzxY,510050OP.SH,715007000,2M,14.5800,Linear,Wind,20250715,2025-07-15,0
{2D1AFF5C-7EBE-4424-A81C-75C4004729EF},QvhjcYKzxY,510050OP.SH,715302000,2M,15.3700,Spline,Wind,20250715,2025-07-15,0
{2DAB272E-F8F9-45D8-8FEA-9CD853651AC4},QvhjcYKzxY,510050OP.SH,715307000,2M,13.9300,Linear,Wind,20250715,2025-07-15,0
{2E5036CC-620D-4C1E-AFE2-364A54BBBB44},QvhjcYKzxY,510050OP.SH,715307000,9M,15.9100,Linear,Wind,20250715,2025-07-15,0
{303DD0FA-2DB6-4A22-BD17-24A4C4450E47},QvhjcYKzxY,510050OP.SH,715307000,9M,15.8400,Heston,Wind,20250715,2025-07-15,0
{3073D191-4DF5-47DE-9C46-7663DBD83E67},QvhjcYKzxY,510050OP.SH,715003000,9M,16.2800,Linear,Wind,20250715,2025-07-15,0
{3171A0DB-C2A6-481A-B51C-991396FE3421},QvhjcYKzxY,510050OP.SH,715011000,3M,24.2300,Heston,Wind,20250715,2025-07-15,0
{318C16C3-B762-4B6A-9B7D-9D6899CDDAB7},QvhjcYKzxY,510050OP.SH,715304000,2M,17.1400,Linear,Wind,20250715,2025-07-15,0
{31C08862-47BF-437D-AEBC-5F0094629E71},QvhjcYKzxY,510050OP.SH,715303000,9M,15.9900,Spline,Wind,20250715,2025-07-15,0
{3482FEAB-B833-4C40-8ADB-33EDE5DC1D59},QvhjcYKzxY,510050OP.SH,715001000,2M,19.3800,Spline,Wind,20250715,2025-07-15,0
{34900FDE-B8BD-49D0-89F6-0499819EFC4C},QvhjcYKzxY,510050OP.SH,715309000,9M,16.2800,Linear,Wind,20250715,2025-07-15,0
{372FD76D-0E97-45E8-AF69-CDBB85578BCB},QvhjcYKzxY,510050OP.SH,715309000,1M,13.4000,Heston,Wind,20250715,2025-07-15,0
{37378A65-3056-4699-893D-5C4024D67A90},QvhjcYKzxY,510050OP.SH,715307000,9M,15.9100,Spline,Wind,20250715,2025-07-15,0
{37FA07BB-ABB7-4081-983B-706BD6660A74},QvhjcYKzxY,510050OP.SH,715004000,1Y,15.9200,Linear,Wind,20250715,2025-07-15,0
{39EB6D63-FC59-4175-A5AF-9ED9A6714BAB},QvhjcYKzxY,510050OP.SH,715304000,1Y,16.7400,Linear,Wind,20250715,2025-07-15,0
{3A026390-B972-470D-A4B4-6EAE39A1BF17},QvhjcYKzxY,510050OP.SH,715006000,9M,15.8800,Heston,Wind,20250715,2025-07-15,0
{3AE093EA-E5EC-4D11-A25F-2794C2067ECA},QvhjcYKzxY,510050OP.SH,715306000,1Y,16.3200,Linear,Wind,20250715,2025-07-15,0
{3B815C76-AD38-4DCE-8F29-1A6227AE0B11},QvhjcYKzxY,510050OP.SH,715008000,9M,16.3300,Spline,Wind,20250715,2025-07-15,0
{3BBFF51D-3234-4454-9CE5-5B0761035BEC},QvhjcYKzxY,510050OP.SH,715004000,6M,15.9200,Linear,Wind,20250715,2025-07-15,0
{3D1198CF-05F5-4A01-92A2-A1142CC68195},QvhjcYKzxY,510050OP.SH,715008000,6M,16.3300,Spline,Wind,20250715,2025-07-15,0
{3D28EB17-E0B7-41CF-BC36-ACB647B90EDE},QvhjcYKzxY,510050OP.SH,715007000,1Y,16.0400,Heston,Wind,20250715,2025-07-15,0
{3E2737C1-05CA-4997-B38F-FA14BF31CFD3},QvhjcYKzxY,510050OP.SH,715007000,3M,15.2700,Heston,Wind,20250715,2025-07-15,0
{3F11F2E6-062A-47AB-9503-1F4C59FE3FFD},QvhjcYKzxY,510050OP.SH,715005000,1Y,15.9700,Linear,Wind,20250715,2025-07-15,0
{413A60A3-BD24-4862-9364-A7028E7F4034},QvhjcYKzxY,510050OP.SH,715005000,6M,15.9800,Spline,Wind,20250715,2025-07-15,0
{4175B422-21A3-4F5F-96DF-70B74D4263E6},QvhjcYKzxY,510050OP.SH,715307000,6M,15.8400,Heston,Wind,20250715,2025-07-15,0
{41A5584C-9752-441A-9082-FFC92C01236B},QvhjcYKzxY,510050OP.SH,715307000,3M,14.8300,Spline,Wind,20250715,2025-07-15,0
{41D5826F-7CE6-4E36-95A2-9E207EF0B47B},QvhjcYKzxY,510050OP.SH,715006000,1Y,15.8300,Spline,Wind,20250715,2025-07-15,0
{429540C2-9087-4BDC-AD46-3F1F331D1B8E},QvhjcYKzxY,510050OP.SH,715303000,9M,15.9800,Heston,Wind,20250715,2025-07-15,0
{44FEB7A5-0CF2-4832-9172-59E0CC079BFB},QvhjcYKzxY,510050OP.SH,715009000,1Y,16.7400,Linear,Wind,20250715,2025-07-15,0
{48943760-F129-4110-AC4A-3F16E7AC899B},QvhjcYKzxY,510050OP.SH,715008000,3M,16.0900,Linear,Wind,20250715,2025-07-15,0
{4968F3C9-84EF-4EC8-8FCC-DDD4CA180BEB},QvhjcYKzxY,510050OP.SH,715307000,6M,15.9100,Spline,Wind,20250715,2025-07-15,0
{49997DD3-992F-40E3-813D-F3A04BD61F7C},QvhjcYKzxY,510050OP.SH,715007000,6M,15.9500,Spline,Wind,20250715,2025-07-15,0
{49FD8A9E-C023-435C-ADB4-CD7E4134810F},QvhjcYKzxY,510050OP.SH,715304000,1Y,18.1500,Heston,Wind,20250715,2025-07-15,0
{4B83E448-1A7C-480E-B209-2F41E5965BDE},QvhjcYKzxY,510050OP.SH,715309000,6M,16.2800,Heston,Wind,20250715,2025-07-15,0
{4BADC2DE-F8AF-4647-B065-FAAC35F62D78},QvhjcYKzxY,510050OP.SH,715307000,1Y,15.9100,Linear,Wind,20250715,2025-07-15,0
{4BE5D213-103F-4303-9A84-8752AB308BC8},QvhjcYKzxY,510050OP.SH,715002000,1M,22.5700,Linear,Wind,20250715,2025-07-15,0
{4DE5E4AF-5973-427F-8A66-83F7F622E1C0},QvhjcYKzxY,510050OP.SH,715001000,3M,21.9400,Spline,Wind,20250715,2025-07-15,0
{4E17F80C-E826-4F0A-9754-009521916D5A},QvhjcYKzxY,510050OP.SH,715002000,9M,16.9000,Spline,Wind,20250715,2025-07-15,0
{4EDD2194-4931-416A-AFD5-6BE7EDA49354},QvhjcYKzxY,510050OP.SH,715310000,1M,15.4100,Linear,Wind,20250715,2025-07-15,0
{4EE79CBA-BE07-4CED-B335-3CDEB455FC42},QvhjcYKzxY,510050OP.SH,715004000,6M,15.9000,Spline,Wind,20250715,2025-07-15,0
{4EE8B1A2-F6E9-4589-878F-14ECF7C57DDC},QvhjcYKzxY,510050OP.SH,715001000,1Y,24.5000,Heston,Wind,20250715,2025-07-15,0
{4FA8CBFF-8B02-48EA-8CCC-2DA3C67CD341},QvhjcYKzxY,510050OP.SH,715002000,6M,16.9000,Spline,Wind,20250715,2025-07-15,0
{4FB752C1-0477-4E65-A106-C1271DBE7682},QvhjcYKzxY,510050OP.SH,715307000,3M,14.8200,Linear,Wind,20250715,2025-07-15,0
{4FF15409-795C-4C62-8036-299D91C1FE19},QvhjcYKzxY,510050OP.SH,715004000,9M,15.9200,Linear,Wind,20250715,2025-07-15,0
{5186D1DF-E52D-42AC-AA79-B64225FD849F},QvhjcYKzxY,510050OP.SH,715009000,2M,17.2300,Linear,Wind,20250715,2025-07-15,0
{521453CC-897E-407A-817F-B8D28F58C1EE},QvhjcYKzxY,510050OP.SH,715005000,9M,15.9700,Linear,Wind,20250715,2025-07-15,0
{52E36ED9-D3FB-405E-A08F-A3383257BF04},QvhjcYKzxY,510050OP.SH,715306000,1M,13.4500,Linear,Wind,20250715,2025-07-15,0
{5372969A-A9FA-45FC-9FA1-47F1880D63AB},QvhjcYKzxY,510050OP.SH,715002000,1Y,16.9000,Linear,Wind,20250715,2025-07-15,0
{538E11E5-11F0-48AD-A11A-C8E0FC0FC520},QvhjcYKzxY,510050OP.SH,715302000,1Y,16.7500,Heston,Wind,20250715,2025-07-15,0
{540BB47F-E76A-48B7-A1A6-D740CB5F43DE},QvhjcYKzxY,510050OP.SH,715305000,1Y,16.9000,Spline,Wind,20250715,2025-07-15,0
{5444893A-2540-4E0F-BDA6-4B1377F98C5C},QvhjcYKzxY,510050OP.SH,715001000,6M,24.5000,Heston,Wind,20250715,2025-07-15,0
{54782AA4-D917-45CA-A93D-155E246A693D},QvhjcYKzxY,510050OP.SH,715307000,1Y,15.8400,Heston,Wind,20250715,2025-07-15,0
{548BA2CD-841A-4982-A0CC-56A3F05F706E},QvhjcYKzxY,510050OP.SH,715011000,9M,16.7400,Spline,Wind,20250715,2025-07-15,0
{550C4375-F863-4476-8D03-80D9EC0E4CD8},QvhjcYKzxY,510050OP.SH,715008000,2M,15.5700,Spline,Wind,20250715,2025-07-15,0
{551B1F40-0E57-4A1E-BAA7-FEA9CD2FF647},QvhjcYKzxY,510050OP.SH,715306000,2M,14.7400,Linear,Wind,20250715,2025-07-15,0
{553C8697-61A3-4CAE-ABB9-F568E89D8951},QvhjcYKzxY,510050OP.SH,715001000,9M,16.9000,Linear,Wind,20250715,2025-07-15,0
{55603898-A114-4783-B820-5ED15AA77BB7},QvhjcYKzxY,510050OP.SH,715005000,1Y,15.8300,Heston,Wind,20250715,2025-07-15,0
{55ED9705-5675-40B5-9E95-7E2A4ED06A36},QvhjcYKzxY,510050OP.SH,715002000,3M,21.2100,Heston,Wind,20250715,2025-07-15,0
{5690A0BA-89DD-4B8A-BC3D-4F54EAD63D80},QvhjcYKzxY,510050OP.SH,715006000,3M,14.7300,Spline,Wind,20250715,2025-07-15,0
{58266528-EB07-4BF9-9E67-86C06DD720BB},QvhjcYKzxY,510050OP.SH,715310000,1Y,16.7400,Linear,Wind,20250715,2025-07-15,0
{5830F4C8-86D3-4E9B-B18D-62B2AC44E6C0},QvhjcYKzxY,510050OP.SH,715307000,1Y,15.9100,Spline,Wind,20250715,2025-07-15,0
{594DAABD-B85A-4837-83A6-3B0D33102A5E},QvhjcYKzxY,510050OP.SH,715006000,1Y,15.8500,Linear,Wind,20250715,2025-07-15,0
{5989323C-853A-4FCA-BD7F-F7D43CC43639},QvhjcYKzxY,510050OP.SH,715307000,3M,14.7400,Heston,Wind,20250715,2025-07-15,0
{599AB8DE-500B-4D64-BA82-6FAD2FCC93BE},QvhjcYKzxY,510050OP.SH,715002000,3M,21.9400,Linear,Wind,20250715,2025-07-15,0
{59EB52E5-B5FD-4B68-A6C3-F903ED0F5E32},QvhjcYKzxY,510050OP.SH,715303000,1Y,15.9900,Spline,Wind,20250715,2025-07-15,0
{5ADC85DC-674E-4A02-AE13-D9DCB1857945},QvhjcYKzxY,510050OP.SH,715305000,1M,14.2800,Linear,Wind,20250715,2025-07-15,0
{5F3C403F-1B07-49C5-838D-2FDC195A6993},QvhjcYKzxY,510050OP.SH,715004000,9M,15.8900,Heston,Wind,20250715,2025-07-15,0
{60B46D5A-C54A-4698-BE62-BA403CE6BFDE},QvhjcYKzxY,510050OP.SH,715009000,1M,20.9700,Linear,Wind,20250715,2025-07-15,0
{61F662B5-E801-47A1-AB43-AB772072F30E},QvhjcYKzxY,510050OP.SH,715309000,3M,15.4500,Heston,Wind,20250715,2025-07-15,0
{6215E794-2CCD-441F-9A19-98C1FED21B1D},QvhjcYKzxY,510050OP.SH,715007000,1M,14.4900,Linear,Wind,20250715,2025-07-15,0
{622EA62D-0E1B-45D0-AE21-898C5AC60BF7},QvhjcYKzxY,510050OP.SH,715310000,3M,17.9600,Heston,Wind,20250715,2025-07-15,0
{627C930C-AAF8-46B2-A0C1-2F6D1E64B308},QvhjcYKzxY,510050OP.SH,715010000,9M,16.7400,Linear,Wind,20250715,2025-07-15,0
{6301FF5D-4825-4D36-984A-AEAC9BA1533C},QvhjcYKzxY,510050OP.SH,715306000,6M,16.3100,Spline,Wind,20250715,2025-07-15,0
{63E5F14C-1C95-4196-9C63-685C78D273DF},QvhjcYKzxY,510050OP.SH,715304000,2M,17.1400,Spline,Wind,20250715,2025-07-15,0
{644625A7-E061-436B-ACF7-4F1218E4327B},QvhjcYKzxY,510050OP.SH,715306000,6M,16.3800,Heston,Wind,20250715,2025-07-15,0
{659B963A-A1E8-4BFA-B4A2-D0222B9C0876},QvhjcYKzxY,510050OP.SH,715009000,1Y,16.9600,Heston,Wind,20250715,2025-07-15,0
{666719D7-300F-4CE0-BAB2-843601C61EDF},QvhjcYKzxY,510050OP.SH,715308000,2M,13.8400,Heston,Wind,20250715,2025-07-15,0
{666CC83C-A834-46B3-A9AB-28F4EE77242C},QvhjcYKzxY,510050OP.SH,715011000,9M,19.9900,Heston,Wind,20250715,2025-07-15,0
{675C87C8-C86A-4364-9BC9-144651FA1661},QvhjcYKzxY,510050OP.SH,715303000,9M,15.9900,Linear,Wind,20250715,2025-07-15,0
{67F872BF-2752-4DBA-9F5C-B226B5C47A90},QvhjcYKzxY,510050OP.SH,715010000,3M,21.5300,Heston,Wind,20250715,2025-07-15,0
{684B1964-2A7A-4456-95AD-E5C204AABBBC},QvhjcYKzxY,510050OP.SH,715305000,9M,16.9000,Linear,Wind,20250715,2025-07-15,0
{6929583D-3133-4C99-BDBB-09354B1BF418},QvhjcYKzxY,510050OP.SH,715308000,3M,14.8200,Spline,Wind,20250715,2025-07-15,0
{69325F71-C33F-4D89-9398-63F17B698758},QvhjcYKzxY,510050OP.SH,715306000,9M,16.3800,Heston,Wind,20250715,2025-07-15,0
{69B29F60-CDE4-4367-863C-4BB113D9183A},QvhjcYKzxY,510050OP.SH,715310000,6M,16.7400,Linear,Wind,20250715,2025-07-15,0
{6AA11F0A-2D34-4FF3-95D1-3A9649BE81D9},QvhjcYKzxY,510050OP.SH,715306000,1Y,16.3800,Heston,Wind,20250715,2025-07-15,0
{6BEE171C-D950-4C01-A84A-0808C2458DE9},QvhjcYKzxY,510050OP.SH,715305000,2M,15.7600,Heston,Wind,20250715,2025-07-15,0
{6C7FBED1-3532-4898-92F2-2BD3BD97E302},QvhjcYKzxY,510050OP.SH,715005000,1M,13.5000,Linear,Wind,20250715,2025-07-15,0
{6CECF6F6-DEAC-4AA8-86BB-22A749D7EBB1},QvhjcYKzxY,510050OP.SH,715310000,2M,16.8000,Heston,Wind,20250715,2025-07-15,0
{6CF47AB5-C036-4604-992A-680AF98E493B},QvhjcYKzxY,510050OP.SH,715010000,1Y,18.5000,Heston,Wind,20250715,2025-07-15,0
{6D04618F-B1C8-4B32-95C3-1A0E2523775A},QvhjcYKzxY,510050OP.SH,715302000,3M,16.4100,Heston,Wind,20250715,2025-07-15,0
{6DF8D320-BB02-4759-B2F8-507966451906},QvhjcYKzxY,510050OP.SH,715001000,9M,24.5000,Heston,Wind,20250715,2025-07-15,0
{6E1BEE4D-107F-416B-B909-AF09D43D7540},QvhjcYKzxY,510050OP.SH,715008000,2M,15.5700,Linear,Wind,20250715,2025-07-15,0
{706BC25B-FDFE-43A6-9C39-D655E17E3847},QvhjcYKzxY,510050OP.SH,715011000,2M,17.2300,Linear,Wind,20250715,2025-07-15,0
{71BE8E60-E4A5-4E5A-ADC4-F353CA8A2E2C},QvhjcYKzxY,510050OP.SH,715307000,1M,12.8600,Spline,Wind,20250715,2025-07-15,0
{734DFC77-1CF0-4EFC-AD4C-4A1730342571},QvhjcYKzxY,510050OP.SH,715302000,3M,16.3300,Linear,Wind,20250715,2025-07-15,0
{7365889A-6BDD-43C1-B383-157C2B3987B8},QvhjcYKzxY,510050OP.SH,715001000,1M,22.5700,Spline,Wind,20250715,2025-07-15,0
{73AF8C24-C2A4-43BC-AC28-919C0A24ABD4},QvhjcYKzxY,510050OP.SH,715306000,3M,15.8400,Linear,Wind,20250715,2025-07-15,0
{740F49E5-C173-4B7F-8F7A-DE87C209D823},QvhjcYKzxY,510050OP.SH,715302000,1M,14.2400,Heston,Wind,20250715,2025-07-15,0
{753AF857-B219-4242-A6B9-2467152DF7C2},QvhjcYKzxY,510050OP.SH,715003000,1M,21.5900,Spline,Wind,20250715,2025-07-15,0
{7550E6A2-BA38-485D-B965-7F31CB5F9B01},QvhjcYKzxY,510050OP.SH,715305000,3M,16.8100,Linear,Wind,20250715,2025-07-15,0
{75E5BD18-B551-42DC-AC8B-65940AA469C9},QvhjcYKzxY,510050OP.SH,715304000,9M,18.1500,Heston,Wind,20250715,2025-07-15,0
{76A628EA-7143-45F9-8499-97B9D06A3A46},QvhjcYKzxY,510050OP.SH,715010000,9M,16.7400,Spline,Wind,20250715,2025-07-15,0
{76CAF2C6-B312-43C0-9ACC-1C539A1E06A3},QvhjcYKzxY,510050OP.SH,715009000,3M,17.5500,Linear,Wind,20250715,2025-07-15,0
{76E87F09-FACD-4BDE-833B-4AFE25BA8EF0},QvhjcYKzxY,510050OP.SH,715006000,6M,15.8800,Heston,Wind,20250715,2025-07-15,0
{770A8335-F99B-419E-835B-56E757B9E369},QvhjcYKzxY,510050OP.SH,715006000,6M,15.8300,Spline,Wind,20250715,2025-07-15,0
{7720EA46-A685-4303-976B-86328C51468E},QvhjcYKzxY,510050OP.SH,715005000,3M,14.8600,Linear,Wind,20250715,2025-07-15,0
{773BE8E2-8EC4-473B-9680-39F4E676CEFC},QvhjcYKzxY,510050OP.SH,715308000,9M,15.9300,Spline,Wind,20250715,2025-07-15,0
{7858DB1C-F20C-4764-9858-2AEC0BFCC86E},QvhjcYKzxY,510050OP.SH,715009000,9M,16.7400,Spline,Wind,20250715,2025-07-15,0
{791D1651-240C-446D-ABF3-C6AE42CBC2AE},QvhjcYKzxY,510050OP.SH,715003000,6M,16.3500,Heston,Wind,20250715,2025-07-15,0
{79F7692B-50A4-4771-AF22-59FD0168E1DC},QvhjcYKzxY,510050OP.SH,715006000,1M,12.8100,Linear,Wind,20250715,2025-07-15,0
{7A3C27B4-184A-4771-9212-22D2D48923F6},QvhjcYKzxY,510050OP.SH,715002000,3M,21.9400,Spline,Wind,20250715,2025-07-15,0
{7B5CDEEA-FA28-458F-B18A-56C977BE42AD},QvhjcYKzxY,510050OP.SH,715011000,6M,19.9900,Heston,Wind,20250715,2025-07-15,0
{7CBBC548-FB90-4977-A598-58A89A4D001B},QvhjcYKzxY,510050OP.SH,715010000,1M,20.9700,Spline,Wind,20250715,2025-07-15,0
{7CCD5D57-45FF-4F37-A2F5-FAF9BB20C6A6},QvhjcYKzxY,510050OP.SH,715011000,9M,16.7400,Linear,Wind,20250715,2025-07-15,0
{7E33C2FB-5FEA-40E2-8164-398BFA12A195},QvhjcYKzxY,510050OP.SH,715306000,2M,14.7400,Spline,Wind,20250715,2025-07-15,0
{7E813A81-C20D-4D38-BDBA-76282B5DEFF8},QvhjcYKzxY,510050OP.SH,715005000,2M,13.9800,Spline,Wind,20250715,2025-07-15,0
{7E83FCBE-57A7-4D51-8405-13DA916C68CC},QvhjcYKzxY,510050OP.SH,715010000,1M,20.9700,Linear,Wind,20250715,2025-07-15,0
{7F02CD36-4C41-446D-8F09-C52BAEB775CF},QvhjcYKzxY,510050OP.SH,715007000,3M,15.2900,Spline,Wind,20250715,2025-07-15,0
{804AEC51-D0D2-4D6C-B999-A6B901208A87},QvhjcYKzxY,510050OP.SH,715302000,9M,16.7400,Linear,Wind,20250715,2025-07-15,0
{815A8594-6DA0-432C-BC03-610A108A8EDD},QvhjcYKzxY,510050OP.SH,715002000,1Y,16.9000,Spline,Wind,20250715,2025-07-15,0
{81DD6A47-66E1-46DE-993A-35696D6C8547},QvhjcYKzxY,510050OP.SH,715003000,9M,16.2700,Spline,Wind,20250715,2025-07-15,0
{821CE5B6-ADAE-496A-9465-5FF71B9C3F3B},QvhjcYKzxY,510050OP.SH,715002000,2M,19.3800,Spline,Wind,20250715,2025-07-15,0
{825D6269-E1FE-4F92-A380-33560CACEF6D},QvhjcYKzxY,510050OP.SH,715005000,1M,13.4400,Spline,Wind,20250715,2025-07-15,0
{82849107-C013-4135-8B64-692D414EB839},QvhjcYKzxY,510050OP.SH,715009000,2M,17.8200,Heston,Wind,20250715,2025-07-15,0
{83614DB8-E8A6-47AD-B97F-A23537F0587E},QvhjcYKzxY,510050OP.SH,715008000,1Y,16.3300,Spline,Wind,20250715,2025-07-15,0
{83925F1F-7A46-48F6-902C-A6DD2EAC2F37},QvhjcYKzxY,510050OP.SH,715004000,1M,15.4500,Spline,Wind,20250715,2025-07-15,0
{83BC0FDA-59BC-416A-82B8-E73C1E30D357},QvhjcYKzxY,510050OP.SH,715308000,6M,15.9300,Linear,Wind,20250715,2025-07-15,0
{83C13F63-A8B8-4913-8620-6797F323AE32},QvhjcYKzxY,510050OP.SH,715303000,6M,15.9900,Spline,Wind,20250715,2025-07-15,0
{83D406BD-D3CD-46CB-BCF2-B1B41B3AF5C6},QvhjcYKzxY,510050OP.SH,715004000,3M,15.2600,Spline,Wind,20250715,2025-07-15,0
{83EF1BF0-703C-4731-8742-D55CEB4CB74C},QvhjcYKzxY,510050OP.SH,715308000,9M,15.9000,Heston,Wind,20250715,2025-07-15,0
{85A2A527-22EE-48BE-88DD-0D94B71AF5D9},QvhjcYKzxY,510050OP.SH,715011000,1M,20.9700,Spline,Wind,20250715,2025-07-15,0
{86248869-DA59-4437-BED8-C348FC963D6B},QvhjcYKzxY,510050OP.SH,715008000,1M,16.7600,Linear,Wind,20250715,2025-07-15,0
{862C4AD0-0E9C-4C5B-8051-46BAE0F9D957},QvhjcYKzxY,510050OP.SH,715305000,1M,14.2400,Spline,Wind,20250715,2025-07-15,0
{863CFFEE-8D05-4397-8CBF-1E090D5408E0},QvhjcYKzxY,510050OP.SH,715306000,1M,13.4300,Spline,Wind,20250715,2025-07-15,0
{867E13DF-3BE2-48F1-B875-A8012C1E21A0},QvhjcYKzxY,510050OP.SH,715006000,6M,15.8500,Linear,Wind,20250715,2025-07-15,0
{86AEE26B-D6E5-4344-AC9D-B105C27FA463},QvhjcYKzxY,510050OP.SH,715004000,3M,15.2700,Linear,Wind,20250715,2025-07-15,0
{86E21E65-DEB4-4CB2-9D5D-DA41A6EC0D13},QvhjcYKzxY,510050OP.SH,715309000,1M,13.4800,Spline,Wind,20250715,2025-07-15,0
{87C0BF4F-E5BC-4403-AB22-7829EDBF37EE},QvhjcYKzxY,510050OP.SH,715009000,3M,17.5500,Spline,Wind,20250715,2025-07-15,0
{88776BE9-2FF2-457C-8545-67F3F5103A9A},QvhjcYKzxY,510050OP.SH,715307000,2M,13.9300,Spline,Wind,20250715,2025-07-15,0
{889A51DD-5A90-4811-9A70-CC241DC064A1},QvhjcYKzxY,510050OP.SH,715009000,6M,16.7400,Spline,Wind,20250715,2025-07-15,0
{89DE776B-B0F5-4981-9AF5-517B096F7448},QvhjcYKzxY,510050OP.SH,715308000,1M,12.8300,Spline,Wind,20250715,2025-07-15,0
{8A2BC3BB-ECF0-4EDC-8F21-034CAC85FC1E},QvhjcYKzxY,510050OP.SH,715306000,9M,16.3200,Linear,Wind,20250715,2025-07-15,0
{8A97664D-B58D-44B2-823E-BE12C4883F65},QvhjcYKzxY,510050OP.SH,715005000,6M,15.9700,Linear,Wind,20250715,2025-07-15,0
{8B101E3A-0D86-4509-9B96-9A6AC3C0EA14},QvhjcYKzxY,510050OP.SH,715004000,3M,15.3900,Heston,Wind,20250715,2025-07-15,0
{8B1674C3-1ACF-4416-991D-B7B496FAA185},QvhjcYKzxY,510050OP.SH,715003000,9M,16.3500,Heston,Wind,20250715,2025-07-15,0
{8B8219EF-41F2-478E-BE06-C8D987B28043},QvhjcYKzxY,510050OP.SH,715309000,1Y,16.2800,Spline,Wind,20250715,2025-07-15,0
{8C0BE5DF-58A2-43CA-875E-CB567E72DAD7},QvhjcYKzxY,510050OP.SH,715006000,2M,13.8200,Heston,Wind,20250715,2025-07-15,0
{8C2A8D3F-8927-4317-87BC-53483A9F1965},QvhjcYKzxY,510050OP.SH,715302000,9M,16.7500,Heston,Wind,20250715,2025-07-15,0
{8D5CBE0A-AD2D-41F5-A551-1F40FA6903A5},QvhjcYKzxY,510050OP.SH,715004000,2M,14.6400,Heston,Wind,20250715,2025-07-15,0
{8DD849BB-E281-42BB-8099-98502A87B732},QvhjcYKzxY,510050OP.SH,715310000,3M,17.5500,Spline,Wind,20250715,2025-07-15,0
{8DDC5A3F-B841-4BFD-8707-9D6486633E82},QvhjcYKzxY,510050OP.SH,715302000,1Y,16.7400,Linear,Wind,20250715,2025-07-15,0
{8E0F92E8-17FB-4F01-8A73-39C6596BCF36},QvhjcYKzxY,510050OP.SH,715007000,9M,15.9600,Linear,Wind,20250715,2025-07-15,0
{8E39F94F-8FC8-43C6-85C2-B6C4766352CF},QvhjcYKzxY,510050OP.SH,715303000,3M,15.1300,Spline,Wind,20250715,2025-07-15,0
{8EDE1DCF-2C1C-408B-8646-6B7126AFD72A},QvhjcYKzxY,510050OP.SH,715008000,6M,16.3000,Linear,Wind,20250715,2025-07-15,0
{8F41C324-E3C2-4815-AA48-72A58880191A},QvhjcYKzxY,510050OP.SH,715001000,6M,16.9000,Linear,Wind,20250715,2025-07-15,0
{8F9A89D4-C3E8-4F4A-AC45-E738E4945D0C},QvhjcYKzxY,510050OP.SH,715304000,6M,18.1500,Heston,Wind,20250715,2025-07-15,0
{902834DC-DCB7-4D29-A8C0-1860CF3DBF8A},QvhjcYKzxY,510050OP.SH,715001000,9M,16.9000,Spline,Wind,20250715,2025-07-15,0
{904D9D33-14A2-4257-B09B-1D43B07F0840},QvhjcYKzxY,510050OP.SH,715005000,9M,15.8300,Heston,Wind,20250715,2025-07-15,0
{90549901-CA09-47AA-A841-E4F9BF6CC811},QvhjcYKzxY,510050OP.SH,715306000,2M,15.0300,Heston,Wind,20250715,2025-07-15,0
{90E12791-151C-468C-9218-0776490137EC},QvhjcYKzxY,510050OP.SH,715004000,1Y,15.8900,Heston,Wind,20250715,2025-07-15,0
{912F3B7F-229F-48E1-9322-738FF6673E55},QvhjcYKzxY,510050OP.SH,715309000,1M,13.4800,Linear,Wind,20250715,2025-07-15,0
{9273F138-3D27-4360-9861-BB8D0A9504E2},QvhjcYKzxY,510050OP.SH,715305000,3M,17.0400,Heston,Wind,20250715,2025-07-15,0
{939228C7-AC80-461F-9354-AE2490C74682},QvhjcYKzxY,510050OP.SH,715007000,6M,16.0400,Heston,Wind,20250715,2025-07-15,0
{954C60D1-3B39-4C24-A225-2F2CF92E12E0},QvhjcYKzxY,510050OP.SH,715011000,6M,16.7400,Spline,Wind,20250715,2025-07-15,0
{9652DDF0-9ACD-49C2-A40B-FFEEB0385A7E},QvhjcYKzxY,510050OP.SH,715302000,1M,14.1400,Spline,Wind,20250715,2025-07-15,0
{96DB2E9E-EA16-400D-9C80-4C98C0BB60D7},QvhjcYKzxY,510050OP.SH,715306000,1Y,16.3100,Spline,Wind,20250715,2025-07-15,0
{97535AD8-A9EE-4161-896C-89B8B206F82B},QvhjcYKzxY,510050OP.SH,715305000,6M,16.9000,Spline,Wind,20250715,2025-07-15,0
{97FD1D9D-BB00-4127-9AFB-C1D106C04E14},QvhjcYKzxY,510050OP.SH,715302000,6M,16.7400,Linear,Wind,20250715,2025-07-15,0
{99ED87A9-0EFC-4358-8AB7-4BDE411CD0AB},QvhjcYKzxY,510050OP.SH,715310000,1Y,16.7400,Spline,Wind,20250715,2025-07-15,0
{9A7D852B-B158-4945-A93B-B415213E65BE},QvhjcYKzxY,510050OP.SH,715006000,1M,12.7500,Spline,Wind,20250715,2025-07-15,0
{9ABE0C9A-A828-44E0-ADE2-A6C3D8C65BAE},QvhjcYKzxY,510050OP.SH,715006000,1Y,15.8800,Heston,Wind,20250715,2025-07-15,0
{9B949355-DE0B-4CCC-B041-FCDD3750EFEC},QvhjcYKzxY,510050OP.SH,715009000,1M,20.9700,Spline,Wind,20250715,2025-07-15,0
{9B9CED80-7EEF-4D40-99AB-3809DFC143C4},QvhjcYKzxY,510050OP.SH,715308000,9M,15.9300,Linear,Wind,20250715,2025-07-15,0
{9E089C9C-1059-4986-9D35-29F79CA987D2},QvhjcYKzxY,510050OP.SH,715310000,3M,17.5500,Linear,Wind,20250715,2025-07-15,0
{9EA3E607-885F-4E01-866D-889D853EAD3A},QvhjcYKzxY,510050OP.SH,715009000,6M,16.9600,Heston,Wind,20250715,2025-07-15,0
{9F003354-3EC1-4124-A46C-4860BF0ADD7F},QvhjcYKzxY,510050OP.SH,715004000,1Y,15.9000,Spline,Wind,20250715,2025-07-15,0
{9F85CC1E-DC3F-42A9-B302-22457AC8A9A4},QvhjcYKzxY,510050OP.SH,715309000,2M,14.5100,Linear,Wind,20250715,2025-07-15,0
{A07503E8-D607-405C-8D33-78076C08ABA4},QvhjcYKzxY,510050OP.SH,715003000,2M,16.7900,Linear,Wind,20250715,2025-07-15,0
{A25D1A35-FD87-455D-862A-E8030F82BD37},QvhjcYKzxY,510050OP.SH,715010000,6M,18.5000,Heston,Wind,20250715,2025-07-15,0
{A4504447-8923-4FC5-8EAB-F6CC7E6423E7},QvhjcYKzxY,510050OP.SH,715307000,6M,15.9100,Linear,Wind,20250715,2025-07-15,0
{A47A748E-4E65-4F3D-8939-FC5AF8C16E61},QvhjcYKzxY,510050OP.SH,715004000,2M,14.4500,Spline,Wind,20250715,2025-07-15,0
{A4DCEE47-9D8A-4828-B9C3-8723A14D3318},QvhjcYKzxY,510050OP.SH,715010000,3M,17.5500,Linear,Wind,20250715,2025-07-15,0
{A5A6421D-6E6B-480D-B2BB-3E284664290E},QvhjcYKzxY,510050OP.SH,715305000,1Y,16.7700,Heston,Wind,20250715,2025-07-15,0
{A60DDC72-CF29-46FD-BB76-BBFE9460FF9B},QvhjcYKzxY,510050OP.SH,715001000,6M,16.9000,Spline,Wind,20250715,2025-07-15,0
{A7631ED8-776C-4D3C-A586-E0FB86B6C759},QvhjcYKzxY,510050OP.SH,715005000,3M,14.8600,Spline,Wind,20250715,2025-07-15,0
{A89C72FF-FA64-4A3B-AF54-F781BF0E5C8C},QvhjcYKzxY,510050OP.SH,715011000,2M,17.2300,Spline,Wind,20250715,2025-07-15,0
{A96DAB21-6611-4CBE-8221-85D0FC5B7A13},QvhjcYKzxY,510050OP.SH,715303000,1M,13.0300,Spline,Wind,20250715,2025-07-15,0
{ABA015A9-F478-40C1-8AC6-78E212C80EDD},QvhjcYKzxY,510050OP.SH,715011000,3M,17.5500,Linear,Wind,20250715,2025-07-15,0
{ABBC50FE-C76D-4869-A625-502DA66378E5},QvhjcYKzxY,510050OP.SH,715010000,6M,16.7400,Spline,Wind,20250715,2025-07-15,0
{ABF9632B-37F1-4F75-9CA5-7E564E553B15},QvhjcYKzxY,510050OP.SH,715005000,6M,15.8300,Heston,Wind,20250715,2025-07-15,0
{AC617822-7767-4DDD-B9B7-428426DA10D7},QvhjcYKzxY,510050OP.SH,715003000,3M,17.2600,Heston,Wind,20250715,2025-07-15,0
{AE91256C-C960-47AA-BCC5-51E62A819BEB},QvhjcYKzxY,510050OP.SH,715003000,1M,19.8200,Heston,Wind,20250715,2025-07-15,0
{B07366C3-DE33-47B0-A122-4DCBF73F42B7},QvhjcYKzxY,510050OP.SH,715002000,6M,16.9000,Linear,Wind,20250715,2025-07-15,0
{B11357D2-61A4-47A5-8A24-940050BD79D1},QvhjcYKzxY,510050OP.SH,715004000,9M,15.9000,Spline,Wind,20250715,2025-07-15,0
{B14D929F-751E-47A0-8B35-B54B7AAD354F},QvhjcYKzxY,510050OP.SH,715001000,1Y,16.9000,Spline,Wind,20250715,2025-07-15,0
{B1C45CCE-88B5-496B-BBF6-841ECAF66C2B},QvhjcYKzxY,510050OP.SH,715001000,1M,22.5700,Linear,Wind,20250715,2025-07-15,0
{B2884762-A600-40AC-9A0E-E129FDA905BB},QvhjcYKzxY,510050OP.SH,715001000,3M,34.1800,Heston,Wind,20250715,2025-07-15,0
{B29E9F1F-FD30-44AE-BC96-D5500204C6D2},QvhjcYKzxY,510050OP.SH,715303000,2M,14.1700,Linear,Wind,20250715,2025-07-15,0
{B2A0D561-C477-4CE6-93A2-5BABE03F1590},QvhjcYKzxY,510050OP.SH,715008000,1Y,16.2900,Heston,Wind,20250715,2025-07-15,0
{B3B6A9B3-39B5-4EAC-9796-5B94BB21C65E},QvhjcYKzxY,510050OP.SH,715010000,2M,17.2300,Linear,Wind,20250715,2025-07-15,0
{B46C7EA0-D308-4E67-B160-595A5F9220F6},QvhjcYKzxY,510050OP.SH,715006000,1M,12.6900,Heston,Wind,20250715,2025-07-15,0
{B57F21AD-B01D-4802-90DB-5CD186A7825D},QvhjcYKzxY,510050OP.SH,715011000,3M,17.5500,Spline,Wind,20250715,2025-07-15,0
{B6DF56B3-A215-4B46-88A0-FC1533DF9F8A},QvhjcYKzxY,510050OP.SH,715008000,9M,16.3000,Linear,Wind,20250715,2025-07-15,0
{B6E03EFF-FB07-4426-B1E1-37486C7E804F},QvhjcYKzxY,510050OP.SH,715011000,1Y,16.7400,Spline,Wind,20250715,2025-07-15,0
{B75400CB-DC00-42DD-9901-989283A0871B},QvhjcYKzxY,510050OP.SH,715304000,3M,17.5500,Linear,Wind,20250715,2025-07-15,0
{B77A810B-54B1-46FF-8848-B6DEC1890672},QvhjcYKzxY,510050OP.SH,715303000,1Y,15.9800,Heston,Wind,20250715,2025-07-15,0
{B788B112-268F-4A3B-ADF6-4A9AEDA007C6},QvhjcYKzxY,510050OP.SH,715004000,2M,14.4800,Linear,Wind,20250715,2025-07-15,0
{B8607046-5DC6-4F11-ABBE-3AAC485EA535},QvhjcYKzxY,510050OP.SH,715003000,3M,17.2400,Spline,Wind,20250715,2025-07-15,0
{B9683AC9-17CA-4310-B2C6-D59F5AC59551},QvhjcYKzxY,510050OP.SH,715310000,1M,15.5300,Heston,Wind,20250715,2025-07-15,0
{B972A61A-D6F3-4FA5-8019-15FA4BC65675},QvhjcYKzxY,510050OP.SH,715010000,1Y,16.7400,Spline,Wind,20250715,2025-07-15,0
{B9F2D9FE-782F-4692-A542-46BAE70608FF},QvhjcYKzxY,510050OP.SH,715305000,6M,16.7700,Heston,Wind,20250715,2025-07-15,0
{BAA11536-ADBA-41B0-812C-435857A5D0C9},QvhjcYKzxY,510050OP.SH,715302000,2M,15.3600,Linear,Wind,20250715,2025-07-15,0
{BC0E7E2B-3DA2-4399-B5DA-D6F59E4A1945},QvhjcYKzxY,510050OP.SH,715003000,1Y,16.2800,Linear,Wind,20250715,2025-07-15,0
{BC887847-8F3F-410F-B419-5C94FA580C14},QvhjcYKzxY,510050OP.SH,715303000,2M,14.1800,Heston,Wind,20250715,2025-07-15,0
{BCAB0296-3267-4375-ABF5-9F490F7BDAB8},QvhjcYKzxY,510050OP.SH,715309000,2M,14.5300,Heston,Wind,20250715,2025-07-15,0
{BD19FF31-E92E-4509-8BA1-A2CBD364A3DD},QvhjcYKzxY,510050OP.SH,715005000,9M,15.9800,Spline,Wind,20250715,2025-07-15,0
{BF2180FA-672A-4AD7-B5A2-9F1B9B6BAA61},QvhjcYKzxY,510050OP.SH,715310000,2M,16.6400,Linear,Wind,20250715,2025-07-15,0
{C14485B5-E71B-412E-A827-CF3219369C1C},QvhjcYKzxY,510050OP.SH,715304000,2M,17.8800,Heston,Wind,20250715,2025-07-15,0
{C159915B-5043-49CE-A074-E84F41967784},QvhjcYKzxY,510050OP.SH,715008000,1Y,16.3000,Linear,Wind,20250715,2025-07-15,0
{C1862E3B-8A59-4A3E-99C3-89D14B6E2B38},QvhjcYKzxY,510050OP.SH,715011000,2M,24.6400,Heston,Wind,20250715,2025-07-15,0
{C1B6E12C-26D4-40FC-B9B7-3EFE8EF707AA},QvhjcYKzxY,510050OP.SH,715310000,9M,16.7400,Linear,Wind,20250715,2025-07-15,0
{C1E2A898-B465-4AFA-B8D7-0DA262107944},QvhjcYKzxY,510050OP.SH,715308000,6M,15.9000,Heston,Wind,20250715,2025-07-15,0
{C326AFF3-62E6-477B-8571-E7EF90EBE746},QvhjcYKzxY,510050OP.SH,715003000,1M,21.7500,Linear,Wind,20250715,2025-07-15,0
{C3891347-8AE0-470A-8161-17CFFD4FE91C},QvhjcYKzxY,510050OP.SH,715309000,1Y,16.2800,Linear,Wind,20250715,2025-07-15,0
{C4E9B5BD-2798-4E38-9A9D-AB4E929B584C},QvhjcYKzxY,510050OP.SH,715003000,1Y,16.2700,Spline,Wind,20250715,2025-07-15,0
{C671A961-279D-45D5-90E3-7ABBBC51BA4F},QvhjcYKzxY,510050OP.SH,715302000,1M,14.1400,Linear,Wind,20250715,2025-07-15,0
{C72D7FE9-BBC6-43C0-953B-CD6E4D1A8DA5},QvhjcYKzxY,510050OP.SH,715009000,1M,19.8000,Heston,Wind,20250715,2025-07-15,0
{C742DFED-88F7-488D-B60D-78B7C7C9E4A5},QvhjcYKzxY,510050OP.SH,715309000,9M,16.2800,Spline,Wind,20250715,2025-07-15,0
{C7730DF7-25D3-4C32-B023-70208B96D1B1},QvhjcYKzxY,510050OP.SH,715306000,1M,13.7200,Heston,Wind,20250715,2025-07-15,0
{C77F1185-F31B-424B-AEFE-8F8DBD55A5E4},QvhjcYKzxY,510050OP.SH,715305000,1Y,16.9000,Linear,Wind,20250715,2025-07-15,0
{C9415FA5-07DA-46D7-A70D-6B03311D48B8},QvhjcYKzxY,510050OP.SH,715002000,9M,18.0800,Heston,Wind,20250715,2025-07-15,0
{C9611AA0-1F7F-4677-BE40-3B741911C23A},QvhjcYKzxY,510050OP.SH,715010000,2M,21.4200,Heston,Wind,20250715,2025-07-15,0
{C9F9C257-E4C9-47E1-AC6B-8A1EF077255A},QvhjcYKzxY,510050OP.SH,715302000,6M,16.7400,Spline,Wind,20250715,2025-07-15,0
{CAAD33C7-BB75-4AED-BFDC-3C2851470B68},QvhjcYKzxY,510050OP.SH,715005000,2M,13.8900,Heston,Wind,20250715,2025-07-15,0
{CB092A10-6FE7-4E8E-8AD7-3172C8243511},QvhjcYKzxY,510050OP.SH,715305000,9M,16.9000,Spline,Wind,20250715,2025-07-15,0
{CBD60B0B-3511-4905-8A7B-6C0B0125EEAE},QvhjcYKzxY,510050OP.SH,715008000,1M,16.5600,Heston,Wind,20250715,2025-07-15,0
{CC19DD83-E59B-4610-89D0-7E21D63544A0},QvhjcYKzxY,510050OP.SH,715001000,2M,41.3600,Heston,Wind,20250715,2025-07-15,0
{CCBE2E44-F8CC-402E-9E9A-5202B7F70764},QvhjcYKzxY,510050OP.SH,715010000,2M,17.2300,Spline,Wind,20250715,2025-07-15,0
{CD578996-E2E4-4B0A-A3D9-BB6BFE4401B8},QvhjcYKzxY,510050OP.SH,715310000,2M,16.6400,Spline,Wind,20250715,2025-07-15,0
{CDBB3DF7-9024-4975-A833-0A5B49FB900A},QvhjcYKzxY,510050OP.SH,715009000,9M,16.9600,Heston,Wind,20250715,2025-07-15,0
{CF74FA97-E5B1-49AC-9FD8-ED17DEC9246C},QvhjcYKzxY,510050OP.SH,715310000,6M,17.5300,Heston,Wind,20250715,2025-07-15,0
{D088FD24-DCCE-4B25-9F1B-9AACF77F59A3},QvhjcYKzxY,510050OP.SH,715309000,3M,15.4000,Linear,Wind,20250715,2025-07-15,0
{D0AA2D09-57EE-4887-BB45-B9F17C544305},QvhjcYKzxY,510050OP.SH,715305000,3M,16.8600,Spline,Wind,20250715,2025-07-15,0
{D0BA9AC4-DDE8-4CE4-9FD3-968A4792EE3F},QvhjcYKzxY,510050OP.SH,715306000,9M,16.3100,Spline,Wind,20250715,2025-07-15,0
{D1FA826A-C8DA-4668-B618-11F9065974F1},QvhjcYKzxY,510050OP.SH,715308000,1Y,15.9000,Heston,Wind,20250715,2025-07-15,0
{D2914069-086F-410D-AFD6-D26C3DDF60C3},QvhjcYKzxY,510050OP.SH,715001000,1M,44.7200,Heston,Wind,20250715,2025-07-15,0
{D676AACB-CCF2-4BE5-AD94-F47A0348C579},QvhjcYKzxY,510050OP.SH,715003000,2M,16.8000,Spline,Wind,20250715,2025-07-15,0
{D7030107-CCF9-44B1-9226-2EC30374F4B0},QvhjcYKzxY,510050OP.SH,715002000,9M,16.9000,Linear,Wind,20250715,2025-07-15,0
{D7153E35-85C7-431B-9D03-18D51F2AD442},QvhjcYKzxY,510050OP.SH,715307000,2M,13.8100,Heston,Wind,20250715,2025-07-15,0
{D7D459EF-EB95-4D19-A31E-17CB8FD4835B},QvhjcYKzxY,510050OP.SH,715304000,1M,16.5100,Linear,Wind,20250715,2025-07-15,0
{D7DD8C3F-CEE9-4EE4-86AB-DF593A7D0789},QvhjcYKzxY,510050OP.SH,715007000,1M,14.4700,Spline,Wind,20250715,2025-07-15,0
{D8083131-6643-442A-93FF-F0A0A228F6FF},QvhjcYKzxY,510050OP.SH,715304000,1M,16.4900,Spline,Wind,20250715,2025-07-15,0
{D8AB58BB-1BE0-4E4C-A8FF-C9DFFB325B32},QvhjcYKzxY,510050OP.SH,715310000,6M,16.7400,Spline,Wind,20250715,2025-07-15,0
{DAFBD1B3-5171-4D9F-97FA-84BBE8738A41},QvhjcYKzxY,510050OP.SH,715003000,6M,16.2700,Spline,Wind,20250715,2025-07-15,0
{DB5D7ADE-BC37-4390-B3E6-E7315F93FE38},QvhjcYKzxY,510050OP.SH,715303000,3M,15.1300,Linear,Wind,20250715,2025-07-15,0
{DCAE66EE-039A-4CBA-A471-3AB90A5D3ACA},QvhjcYKzxY,510050OP.SH,715005000,1Y,15.9800,Spline,Wind,20250715,2025-07-15,0
{DDEDC2B9-E527-4A0C-868F-4EB5B09D7700},QvhjcYKzxY,510050OP.SH,715303000,6M,15.9800,Heston,Wind,20250715,2025-07-15,0
{DE473BF8-681B-4964-B4EE-AAB366B90628},QvhjcYKzxY,510050OP.SH,715310000,1Y,17.5300,Heston,Wind,20250715,2025-07-15,0
{DED3CB65-5476-4869-9A93-3C38D8CB7003},QvhjcYKzxY,510050OP.SH,715010000,9M,18.5000,Heston,Wind,20250715,2025-07-15,0
{DFDD7A1A-526C-421C-98C6-96916F6B6B09},QvhjcYKzxY,510050OP.SH,715007000,2M,14.5500,Heston,Wind,20250715,2025-07-15,0
{E1A02FB3-9474-4075-93EE-3512FA2570B4},QvhjcYKzxY,510050OP.SH,715008000,6M,16.2900,Heston,Wind,20250715,2025-07-15,0
{E1BF1E45-9E33-4C0C-84F6-B090E83CCDD9},QvhjcYKzxY,510050OP.SH,715304000,1M,16.4900,Heston,Wind,20250715,2025-07-15,0
{E2858DAC-675D-4F17-A8D9-AC5BE10BC577},QvhjcYKzxY,510050OP.SH,715005000,3M,14.7700,Heston,Wind,20250715,2025-07-15,0
{E2F6D56D-B02E-4E42-A828-C81BA79CEC87},QvhjcYKzxY,510050OP.SH,715010000,1M,29.2100,Heston,Wind,20250715,2025-07-15,0
{E4CB8EBF-D2C3-409B-A743-74AE981E4C21},QvhjcYKzxY,510050OP.SH,715001000,3M,21.9400,Linear,Wind,20250715,2025-07-15,0
{E4EB5FD2-C5AF-43A5-9404-1AF94346903A},QvhjcYKzxY,510050OP.SH,715308000,6M,15.9300,Spline,Wind,20250715,2025-07-15,0
{E667C380-62AB-477E-9A6D-4EF4E1BEBD25},QvhjcYKzxY,510050OP.SH,715002000,2M,21.5800,Heston,Wind,20250715,2025-07-15,0
{E706D771-0A0F-48A0-B606-A8668E7F52ED},QvhjcYKzxY,510050OP.SH,715008000,9M,16.2900,Heston,Wind,20250715,2025-07-15,0
{E9D788B0-837E-4CB2-B15B-0B66D4499B52},QvhjcYKzxY,510050OP.SH,715308000,2M,13.9000,Spline,Wind,20250715,2025-07-15,0
{EABA5FE3-83D0-402E-BF74-504CCF1CEED9},QvhjcYKzxY,510050OP.SH,715308000,1M,12.8300,Linear,Wind,20250715,2025-07-15,0
{EBA34610-A276-49CE-B026-3AEF9425AAB9},QvhjcYKzxY,510050OP.SH,715309000,6M,16.2800,Linear,Wind,20250715,2025-07-15,0
{EBA9954A-A259-4D4A-BAF2-B28D4516F3A9},QvhjcYKzxY,510050OP.SH,715008000,1M,16.7600,Spline,Wind,20250715,2025-07-15,0
{EC6D74DC-E783-4093-ACCA-D40093AE3D44},QvhjcYKzxY,510050OP.SH,715010000,3M,17.5500,Spline,Wind,20250715,2025-07-15,0
{ECF1108E-21F8-4B33-8575-941EB2E14B2C},QvhjcYKzxY,510050OP.SH,715011000,1Y,19.9900,Heston,Wind,20250715,2025-07-15,0
{ED2054E6-F30D-4344-9F9A-C7570DC5129F},QvhjcYKzxY,510050OP.SH,715303000,1M,13.0300,Linear,Wind,20250715,2025-07-15,0
{ED507B51-C2C5-4CD2-9BDA-D3F6C0BB793E},QvhjcYKzxY,510050OP.SH,715006000,9M,15.8300,Spline,Wind,20250715,2025-07-15,0
{ED6209F4-0C29-45AB-8589-E491CC27DD2E},QvhjcYKzxY,510050OP.SH,715304000,9M,16.7400,Linear,Wind,20250715,2025-07-15,0
{ED6EE30C-CC9D-49F2-B481-98AD0F45078C},QvhjcYKzxY,510050OP.SH,715006000,2M,13.8200,Spline,Wind,20250715,2025-07-15,0
{EE2ABBB3-250D-4BF7-B8D0-1542608F9EDC},QvhjcYKzxY,510050OP.SH,715302000,3M,16.3500,Spline,Wind,20250715,2025-07-15,0
{EF25AC96-2C78-4993-B8D7-BBC46C82FBDC},QvhjcYKzxY,510050OP.SH,715308000,3M,14.8200,Linear,Wind,20250715,2025-07-15,0
{EF7889FC-F129-4FF9-8A7A-FB2924AEF984},QvhjcYKzxY,510050OP.SH,715308000,2M,13.9000,Linear,Wind,20250715,2025-07-15,0
{EFC97255-ED97-4A3C-B7D1-AE220BE565C4},QvhjcYKzxY,510050OP.SH,715011000,6M,16.7400,Linear,Wind,20250715,2025-07-15,0
{F00C4569-021C-411A-A51D-369237E101E3},QvhjcYKzxY,510050OP.SH,715009000,6M,16.7400,Linear,Wind,20250715,2025-07-15,0
{F05E5B72-8BDA-4004-BB25-D14F13F8A471},QvhjcYKzxY,510050OP.SH,715304000,6M,16.7400,Linear,Wind,20250715,2025-07-15,0
{F16CD165-3236-4D2C-85F2-67AC8D70B6A2},QvhjcYKzxY,510050OP.SH,715011000,1M,20.9700,Linear,Wind,20250715,2025-07-15,0
{F1F7A890-1448-4EC0-BA52-A00838D1DDBE},QvhjcYKzxY,510050OP.SH,715007000,9M,15.9500,Spline,Wind,20250715,2025-07-15,0
{F2FF9822-2D3F-4312-A54F-EA111A6250D0},QvhjcYKzxY,510050OP.SH,715009000,9M,16.7400,Linear,Wind,20250715,2025-07-15,0
{F337CF35-18CF-43DD-AA29-7A42458C2CBB},QvhjcYKzxY,510050OP.SH,715309000,1Y,16.2800,Heston,Wind,20250715,2025-07-15,0
{F38E0435-4D20-4B4B-825B-84866A946FF6},QvhjcYKzxY,510050OP.SH,715007000,1Y,15.9500,Spline,Wind,20250715,2025-07-15,0
{F39FFE9F-CCC1-4DF1-8ED4-EF284A258CE4},QvhjcYKzxY,510050OP.SH,715007000,9M,16.0400,Heston,Wind,20250715,2025-07-15,0
{F3FD4BD9-E0E9-4BF3-BC3F-8095A7D848DE},QvhjcYKzxY,510050OP.SH,715303000,1Y,15.9900,Linear,Wind,20250715,2025-07-15,0
{F444767D-4321-4355-94A0-D1008EF6B128},QvhjcYKzxY,510050OP.SH,715005000,1M,13.5000,Heston,Wind,20250715,2025-07-15,0
{F5992099-BD37-4224-80CB-557CB15E2F88},QvhjcYKzxY,510050OP.SH,715005000,2M,13.9800,Linear,Wind,20250715,2025-07-15,0
{F5B6277F-3736-4E13-B694-FBFC8B7C5CB0},QvhjcYKzxY,510050OP.SH,715004000,1M,15.4800,Linear,Wind,20250715,2025-07-15,0
{F65F4547-CB13-4E8E-9BD5-2D183B6D8A3D},QvhjcYKzxY,510050OP.SH,715304000,3M,17.5500,Spline,Wind,20250715,2025-07-15,0
{F774CE08-42E3-4D99-9F68-6201CC147E68},QvhjcYKzxY,510050OP.SH,715309000,6M,16.2800,Spline,Wind,20250715,2025-07-15,0
{F7E0E2D1-9694-49DF-A3B9-D58388BBD2C8},QvhjcYKzxY,510050OP.SH,715006000,3M,14.7000,Heston,Wind,20250715,2025-07-15,0
{F8D7C32B-F628-475A-922F-57BCF7E00191},QvhjcYKzxY,510050OP.SH,715310000,9M,16.7400,Spline,Wind,20250715,2025-07-15,0
{F8FBAF71-5C80-49B5-B256-F67D0A580710},QvhjcYKzxY,510050OP.SH,715007000,3M,15.3000,Linear,Wind,20250715,2025-07-15,0
{F94DD4B2-282C-413D-9FD3-6F0B3258B4CD},QvhjcYKzxY,510050OP.SH,715010000,6M,16.7400,Linear,Wind,20250715,2025-07-15,0
{FA84057B-6B91-4FD7-905C-DE024E2C77DC},QvhjcYKzxY,510050OP.SH,715009000,2M,17.2300,Spline,Wind,20250715,2025-07-15,0
{FB1633F3-C11D-4CB8-A21A-5EA1613B793A},QvhjcYKzxY,510050OP.SH,715303000,2M,14.1700,Spline,Wind,20250715,2025-07-15,0
{FBBB0DC8-18AF-4DBC-ADCF-CA965AEEE43E},QvhjcYKzxY,510050OP.SH,715308000,1Y,15.9300,Spline,Wind,20250715,2025-07-15,0
{FDF7941F-A84D-4CC4-A1D5-279015838408},QvhjcYKzxY,510050OP.SH,715007000,6M,15.9600,Linear,Wind,20250715,2025-07-15,0
{FF6AE1B8-5A92-4A53-B99C-36E30AD900B4},QvhjcYKzxY,510050OP.SH,715006000,9M,15.8500,Linear,Wind,20250715,2025-07-15,0
{FFF69FC0-15CE-40B9-ACB5-DBCDD21221A0},QvhjcYKzxY,510050OP.SH,715007000,2M,14.5700,Spline,Wind,20250715,2025-07-15,0
